timestamp,event_severity,recommended_action,original_predicted_load,estimated_reduction_kw,reduction_percent,new_predicted_load,optimization_score,battery_soc_percent,recommendation,approval_status
2017-08-11 16:00:00,ELEVATED,COMBINED_ACTION,550.87,71.37,12.96,479.5,29.53,80.0,"Apply a coordinated simulated HVAC, EV charging and battery action.",PENDING
2017-08-14 15:00:00,ELEVATED,COMBINED_ACTION,551.23,86.42,15.68,464.81,40.82,80.0,"Apply a coordinated simulated HVAC, EV charging and battery action.",PENDING
2017-08-14 16:00:00,ELEVATED,COMBINED_ACTION,563.08,74.64,13.26,488.44,31.98,80.0,"Apply a coordinated simulated HVAC, EV charging and battery action.",PENDING
2017-08-15 15:00:00,ELEVATED,COMBINED_ACTION,551.12,85.27,15.47,465.84,39.95,80.0,"Apply a coordinated simulated HVAC, EV charging and battery action.",PENDING
2017-08-15 16:00:00,ELEVATED,BATTERY_DISCHARGE,564.9,25.0,4.43,539.9,6.75,80.0,Discharge the simulated campus battery during the peak period.,PENDING
2017-08-16 13:00:00,ELEVATED,COMBINED_ACTION,557.54,83.51,14.98,474.03,38.63,80.0,"Apply a coordinated simulated HVAC, EV charging and battery action.",PENDING
2017-08-16 15:00:00,ELEVATED,BATTERY_DISCHARGE,566.84,25.0,4.41,541.84,6.75,80.0,Discharge the simulated campus battery during the peak period.,PENDING
2017-08-16 16:00:00,HIGH,BATTERY_DISCHARGE,589.22,25.0,4.24,564.22,14.5,80.0,Discharge the simulated campus battery during the peak period.,PENDING
2017-08-17 13:00:00,ELEVATED,BATTERY_DISCHARGE,558.7,25.0,4.47,533.7,6.75,80.0,Discharge the simulated campus battery during the peak period.,PENDING
2017-08-17 14:00:00,ELEVATED,BATTERY_DISCHARGE,561.84,25.0,4.45,536.84,6.75,80.0,Discharge the simulated campus battery during the peak period.,PENDING
2017-08-17 15:00:00,ELEVATED,BATTERY_DISCHARGE,572.85,25.0,4.36,547.85,6.75,80.0,Discharge the simulated campus battery during the peak period.,PENDING
2017-08-17 16:00:00,ELEVATED,COMBINED_ACTION,559.21,82.4,14.74,476.81,37.8,80.0,"Apply a coordinated simulated HVAC, EV charging and battery action.",PENDING
2017-08-17 17:00:00,ELEVATED,BATTERY_DISCHARGE,552.84,25.0,4.52,527.84,6.75,77.5,Discharge the simulated campus battery during the peak period.,PENDING
2017-08-18 13:00:00,ELEVATED,BATTERY_DISCHARGE,551.48,25.0,4.53,526.48,6.75,80.0,Discharge the simulated campus battery during the peak period.,PENDING
2017-08-22 16:00:00,ELEVATED,COMBINED_ACTION,553.23,67.65,12.23,485.58,26.74,80.0,"Apply a coordinated simulated HVAC, EV charging and battery action.",PENDING
2017-08-24 15:00:00,ELEVATED,BATTERY_DISCHARGE,561.48,25.0,4.45,536.48,6.75,80.0,Discharge the simulated campus battery during the peak period.,PENDING
2017-08-24 16:00:00,ELEVATED,BATTERY_DISCHARGE,555.87,25.0,4.5,530.87,6.75,80.0,Discharge the simulated campus battery during the peak period.,PENDING
2017-08-29 11:00:00,ELEVATED,BATTERY_DISCHARGE,552.31,25.0,4.53,527.31,6.75,80.0,Discharge the simulated campus battery during the peak period.,PENDING
2017-08-29 13:00:00,ELEVATED,COMBINED_ACTION,576.12,65.38,11.35,510.74,25.03,80.0,"Apply a coordinated simulated HVAC, EV charging and battery action.",PENDING
2017-08-29 15:00:00,ELEVATED,BATTERY_DISCHARGE,562.75,25.0,4.44,537.75,6.75,80.0,Discharge the simulated campus battery during the peak period.,PENDING
2017-08-31 16:00:00,ELEVATED,COMBINED_ACTION,560.49,88.88,15.86,471.61,42.66,80.0,"Apply a coordinated simulated HVAC, EV charging and battery action.",PENDING
2017-09-01 15:00:00,ELEVATED,BATTERY_DISCHARGE,564.38,25.0,4.43,539.38,6.75,80.0,Discharge the simulated campus battery during the peak period.,PENDING
2017-09-01 16:00:00,ELEVATED,COMBINED_ACTION,569.92,85.85,15.06,484.07,40.39,80.0,"Apply a coordinated simulated HVAC, EV charging and battery action.",PENDING
2017-09-05 16:00:00,ELEVATED,COMBINED_ACTION,562.14,67.02,11.92,495.12,26.26,80.0,"Apply a coordinated simulated HVAC, EV charging and battery action.",PENDING
2017-09-06 14:00:00,ELEVATED,COMBINED_ACTION,553.91,72.47,13.08,481.44,30.35,80.0,"Apply a coordinated simulated HVAC, EV charging and battery action.",PENDING
2017-09-06 16:00:00,ELEVATED,COMBINED_ACTION,562.0,75.62,13.46,486.38,32.72,80.0,"Apply a coordinated simulated HVAC, EV charging and battery action.",PENDING
2017-09-12 15:00:00,ELEVATED,COMBINED_ACTION,577.82,73.28,12.68,504.54,30.96,80.0,"Apply a coordinated simulated HVAC, EV charging and battery action.",PENDING
2017-09-12 16:00:00,ELEVATED,COMBINED_ACTION,575.97,62.84,10.91,513.13,23.13,80.0,"Apply a coordinated simulated HVAC, EV charging and battery action.",PENDING
2017-09-13 13:00:00,ELEVATED,BATTERY_DISCHARGE,564.43,25.0,4.43,539.43,6.75,80.0,Discharge the simulated campus battery during the peak period.,PENDING
2017-09-13 15:00:00,ELEVATED,COMBINED_ACTION,553.14,62.09,11.22,491.06,22.57,80.0,"Apply a coordinated simulated HVAC, EV charging and battery action.",PENDING
2017-09-14 14:00:00,ELEVATED,BATTERY_DISCHARGE,556.5,25.0,4.49,531.5,6.75,80.0,Discharge the simulated campus battery during the peak period.,PENDING
2017-09-14 15:00:00,ELEVATED,BATTERY_DISCHARGE,568.93,25.0,4.39,543.93,6.75,80.0,Discharge the simulated campus battery during the peak period.,PENDING
2017-09-14 16:00:00,ELEVATED,BATTERY_DISCHARGE,567.53,25.0,4.41,542.53,6.75,80.0,Discharge the simulated campus battery during the peak period.,PENDING
2017-09-15 14:00:00,ELEVATED,COMBINED_ACTION,567.03,73.38,12.94,493.65,31.03,80.0,"Apply a coordinated simulated HVAC, EV charging and battery action.",PENDING
2017-09-15 15:00:00,ELEVATED,BATTERY_DISCHARGE,562.83,25.0,4.44,537.83,6.75,80.0,Discharge the simulated campus battery during the peak period.,PENDING
2017-09-15 16:00:00,ELEVATED,COMBINED_ACTION,559.18,74.33,13.29,484.85,31.75,80.0,"Apply a coordinated simulated HVAC, EV charging and battery action.",PENDING
2017-09-18 17:00:00,ELEVATED,BATTERY_DISCHARGE,561.55,25.0,4.45,536.55,6.75,77.5,Discharge the simulated campus battery during the peak period.,PENDING
2017-09-19 15:00:00,ELEVATED,BATTERY_DISCHARGE,554.2,25.0,4.51,529.2,6.75,80.0,Discharge the simulated campus battery during the peak period.,PENDING
2017-09-22 13:00:00,ELEVATED,COMBINED_ACTION,558.62,57.37,10.27,501.24,19.03,80.0,"Apply a coordinated simulated HVAC, EV charging and battery action.",PENDING
2017-09-26 16:00:00,ELEVATED,COMBINED_ACTION,561.32,67.68,12.06,493.64,26.76,80.0,"Apply a coordinated simulated HVAC, EV charging and battery action.",PENDING
2017-09-27 15:00:00,ELEVATED,COMBINED_ACTION,550.87,85.03,15.43,465.84,39.77,80.0,"Apply a coordinated simulated HVAC, EV charging and battery action.",PENDING
2017-09-27 16:00:00,ELEVATED,COMBINED_ACTION,555.51,71.28,12.83,484.23,29.46,80.0,"Apply a coordinated simulated HVAC, EV charging and battery action.",PENDING
2017-09-28 13:00:00,ELEVATED,BATTERY_DISCHARGE,553.03,25.0,4.52,528.03,6.75,80.0,Discharge the simulated campus battery during the peak period.,PENDING
2017-09-28 14:00:00,ELEVATED,BATTERY_DISCHARGE,562.93,25.0,4.44,537.93,6.75,80.0,Discharge the simulated campus battery during the peak period.,PENDING
2017-10-02 12:00:00,ELEVATED,BATTERY_DISCHARGE,553.24,25.0,4.52,528.24,6.75,80.0,Discharge the simulated campus battery during the peak period.,PENDING
2017-10-02 13:00:00,HIGH,COMBINED_ACTION,594.81,72.9,12.26,521.92,49.61,80.0,"Apply a coordinated simulated HVAC, EV charging and battery action.",PENDING
2017-10-02 14:00:00,HIGH,BATTERY_DISCHARGE,601.8,25.0,4.15,576.8,14.5,80.0,Discharge the simulated campus battery during the peak period.,PENDING
2017-10-02 15:00:00,HIGH,BATTERY_DISCHARGE,596.09,25.0,4.19,571.09,14.5,80.0,Discharge the simulated campus battery during the peak period.,PENDING
2017-10-02 16:00:00,HIGH,COMBINED_ACTION,599.96,72.85,12.14,527.12,49.56,80.0,"Apply a coordinated simulated HVAC, EV charging and battery action.",PENDING
2017-10-02 17:00:00,HIGH,BATTERY_DISCHARGE,589.55,25.0,4.24,564.55,14.5,77.5,Discharge the simulated campus battery during the peak period.,PENDING
2017-10-03 11:00:00,ELEVATED,BATTERY_DISCHARGE,564.48,25.0,4.43,539.48,6.75,80.0,Discharge the simulated campus battery during the peak period.,PENDING
2017-10-03 12:00:00,HIGH,BATTERY_DISCHARGE,609.67,25.0,4.1,584.67,14.5,80.0,Discharge the simulated campus battery during the peak period.,PENDING
2017-10-03 13:00:00,HIGH,COMBINED_ACTION,591.8,65.64,11.09,526.16,43.08,80.0,"Apply a coordinated simulated HVAC, EV charging and battery action.",PENDING
2017-10-03 14:00:00,HIGH,COMBINED_ACTION,604.04,69.7,11.54,534.34,46.73,80.0,"Apply a coordinated simulated HVAC, EV charging and battery action.",PENDING
2017-10-03 15:00:00,HIGH,COMBINED_ACTION,598.22,73.6,12.3,524.63,50.24,80.0,"Apply a coordinated simulated HVAC, EV charging and battery action.",PENDING
2017-10-03 16:00:00,HIGH,COMBINED_ACTION,599.59,61.72,10.29,537.87,39.55,80.0,"Apply a coordinated simulated HVAC, EV charging and battery action.",PENDING
2017-10-03 17:00:00,ELEVATED,COMBINED_ACTION,564.55,74.08,13.12,490.47,31.56,77.5,"Apply a coordinated simulated HVAC, EV charging and battery action.",PENDING
2017-10-04 12:00:00,ELEVATED,COMBINED_ACTION,554.09,71.91,12.98,482.18,29.93,80.0,"Apply a coordinated simulated HVAC, EV charging and battery action.",PENDING
2017-10-04 13:00:00,CRITICAL,COMBINED_ACTION,618.7,78.05,12.62,540.64,70.05,80.0,"Apply a coordinated simulated HVAC, EV charging and battery action.",PENDING
2017-10-04 14:00:00,HIGH,BATTERY_DISCHARGE,596.26,25.0,4.19,571.26,14.5,80.0,Discharge the simulated campus battery during the peak period.,PENDING
2017-10-04 15:00:00,ELEVATED,BATTERY_DISCHARGE,575.76,25.0,4.34,550.76,6.75,80.0,Discharge the simulated campus battery during the peak period.,PENDING
2017-10-04 16:00:00,ELEVATED,BATTERY_DISCHARGE,576.29,25.0,4.34,551.29,6.75,80.0,Discharge the simulated campus battery during the peak period.,PENDING
2017-10-04 17:00:00,ELEVATED,BATTERY_DISCHARGE,553.58,25.0,4.52,528.58,6.75,77.5,Discharge the simulated campus battery during the peak period.,PENDING
2017-10-05 12:00:00,ELEVATED,BATTERY_DISCHARGE,565.24,25.0,4.42,540.24,6.75,80.0,Discharge the simulated campus battery during the peak period.,PENDING
2017-10-05 13:00:00,HIGH,BATTERY_DISCHARGE,597.91,25.0,4.18,572.91,14.5,80.0,Discharge the simulated campus battery during the peak period.,PENDING
2017-10-05 14:00:00,HIGH,COMBINED_ACTION,592.46,67.39,11.38,525.07,44.65,80.0,"Apply a coordinated simulated HVAC, EV charging and battery action.",PENDING
2017-10-05 15:00:00,HIGH,COMBINED_ACTION,595.36,83.57,14.04,511.79,59.21,80.0,"Apply a coordinated simulated HVAC, EV charging and battery action.",PENDING
2017-10-05 16:00:00,HIGH,COMBINED_ACTION,609.35,72.18,11.84,537.18,48.96,80.0,"Apply a coordinated simulated HVAC, EV charging and battery action.",PENDING
2017-10-05 17:00:00,ELEVATED,BATTERY_DISCHARGE,563.44,25.0,4.44,538.44,6.75,77.5,Discharge the simulated campus battery during the peak period.,PENDING
2017-10-06 13:00:00,ELEVATED,COMBINED_ACTION,569.27,91.5,16.07,477.77,44.62,80.0,"Apply a coordinated simulated HVAC, EV charging and battery action.",PENDING
2017-10-06 14:00:00,ELEVATED,COMBINED_ACTION,566.37,63.15,11.15,503.23,23.36,80.0,"Apply a coordinated simulated HVAC, EV charging and battery action.",PENDING
2017-10-06 15:00:00,ELEVATED,COMBINED_ACTION,572.74,77.72,13.57,495.02,34.29,80.0,"Apply a coordinated simulated HVAC, EV charging and battery action.",PENDING
2017-10-06 16:00:00,ELEVATED,BATTERY_DISCHARGE,573.59,25.0,4.36,548.59,6.75,80.0,Discharge the simulated campus battery during the peak period.,PENDING
2017-10-10 12:00:00,ELEVATED,COMBINED_ACTION,555.36,74.83,13.47,480.53,32.12,80.0,"Apply a coordinated simulated HVAC, EV charging and battery action.",PENDING
2017-10-10 13:00:00,ELEVATED,BATTERY_DISCHARGE,559.51,25.0,4.47,534.51,6.75,80.0,Discharge the simulated campus battery during the peak period.,PENDING
2017-10-10 14:00:00,ELEVATED,BATTERY_DISCHARGE,569.44,25.0,4.39,544.44,6.75,80.0,Discharge the simulated campus battery during the peak period.,PENDING
2017-10-10 15:00:00,ELEVATED,BATTERY_DISCHARGE,557.77,25.0,4.48,532.77,6.75,80.0,Discharge the simulated campus battery during the peak period.,PENDING
2017-10-10 16:00:00,ELEVATED,BATTERY_DISCHARGE,569.49,25.0,4.39,544.49,6.75,80.0,Discharge the simulated campus battery during the peak period.,PENDING
2017-10-11 12:00:00,ELEVATED,COMBINED_ACTION,551.13,60.79,11.03,490.34,21.59,80.0,"Apply a coordinated simulated HVAC, EV charging and battery action.",PENDING
2017-10-11 13:00:00,ELEVATED,COMBINED_ACTION,572.29,69.75,12.19,502.54,28.31,80.0,"Apply a coordinated simulated HVAC, EV charging and battery action.",PENDING
2017-10-11 14:00:00,ELEVATED,COMBINED_ACTION,574.25,82.32,14.34,491.93,37.74,80.0,"Apply a coordinated simulated HVAC, EV charging and battery action.",PENDING
2017-10-11 15:00:00,ELEVATED,COMBINED_ACTION,563.62,78.62,13.95,485.0,34.97,80.0,"Apply a coordinated simulated HVAC, EV charging and battery action.",PENDING
2017-10-11 16:00:00,ELEVATED,COMBINED_ACTION,553.73,89.86,16.23,463.87,43.4,80.0,"Apply a coordinated simulated HVAC, EV charging and battery action.",PENDING
2017-10-12 11:00:00,ELEVATED,COMBINED_ACTION,566.21,70.54,12.46,495.66,28.9,80.0,"Apply a coordinated simulated HVAC, EV charging and battery action.",PENDING
2017-10-12 12:00:00,ELEVATED,BATTERY_DISCHARGE,575.04,25.0,4.35,550.04,6.75,80.0,Discharge the simulated campus battery during the peak period.,PENDING
2017-10-12 13:00:00,ELEVATED,BATTERY_DISCHARGE,570.91,25.0,4.38,545.91,6.75,80.0,Discharge the simulated campus battery during the peak period.,PENDING
2017-10-12 14:00:00,HIGH,COMBINED_ACTION,585.02,75.5,12.91,509.51,51.95,80.0,"Apply a coordinated simulated HVAC, EV charging and battery action.",PENDING
2017-10-12 15:00:00,HIGH,BATTERY_DISCHARGE,588.21,25.0,4.25,563.21,14.5,80.0,Discharge the simulated campus battery during the peak period.,PENDING
2017-10-12 16:00:00,CRITICAL,BATTERY_DISCHARGE,620.11,25.0,4.03,595.11,21.0,80.0,Discharge the simulated campus battery during the peak period.,PENDING
2017-10-12 17:00:00,HIGH,BATTERY_DISCHARGE,600.74,25.0,4.16,575.74,14.5,77.5,Discharge the simulated campus battery during the peak period.,PENDING
2017-10-13 11:00:00,ELEVATED,BATTERY_DISCHARGE,552.02,25.0,4.53,527.02,6.75,80.0,Discharge the simulated campus battery during the peak period.,PENDING
2017-10-13 12:00:00,HIGH,BATTERY_DISCHARGE,584.84,25.0,4.27,559.84,14.5,80.0,Discharge the simulated campus battery during the peak period.,PENDING
2017-10-13 13:00:00,HIGH,BATTERY_DISCHARGE,594.34,25.0,4.21,569.34,14.5,80.0,Discharge the simulated campus battery during the peak period.,PENDING
2017-10-13 14:00:00,HIGH,BATTERY_DISCHARGE,606.54,25.0,4.12,581.54,14.5,80.0,Discharge the simulated campus battery during the peak period.,PENDING
2017-10-13 15:00:00,ELEVATED,BATTERY_DISCHARGE,580.45,25.0,4.31,555.45,6.75,80.0,Discharge the simulated campus battery during the peak period.,PENDING
2017-10-13 16:00:00,ELEVATED,COMBINED_ACTION,578.03,61.87,10.7,516.17,22.4,80.0,"Apply a coordinated simulated HVAC, EV charging and battery action.",PENDING
2017-10-16 11:00:00,ELEVATED,COMBINED_ACTION,559.94,77.2,13.79,482.74,33.9,80.0,"Apply a coordinated simulated HVAC, EV charging and battery action.",PENDING
2017-10-16 12:00:00,ELEVATED,COMBINED_ACTION,580.51,54.11,9.32,526.4,16.58,80.0,"Apply a coordinated simulated HVAC, EV charging and battery action.",PENDING
2017-10-16 13:00:00,CRITICAL,BATTERY_DISCHARGE,637.95,25.0,3.92,612.95,21.0,80.0,Discharge the simulated campus battery during the peak period.,PENDING
2017-10-16 14:00:00,CRITICAL,BATTERY_DISCHARGE,613.99,25.0,4.07,588.99,21.0,80.0,Discharge the simulated campus battery during the peak period.,PENDING
2017-10-16 15:00:00,HIGH,COMBINED_ACTION,592.91,54.28,9.15,538.63,32.85,80.0,"Apply a coordinated simulated HVAC, EV charging and battery action.",PENDING
2017-10-16 16:00:00,HIGH,BATTERY_DISCHARGE,600.16,25.0,4.17,575.16,14.5,80.0,Discharge the simulated campus battery during the peak period.,PENDING
2017-10-17 11:00:00,ELEVATED,BATTERY_DISCHARGE,578.06,25.0,4.32,553.06,6.75,80.0,Discharge the simulated campus battery during the peak period.,PENDING
2017-10-17 12:00:00,ELEVATED,COMBINED_ACTION,570.91,96.3,16.87,474.61,48.22,80.0,"Apply a coordinated simulated HVAC, EV charging and battery action.",PENDING
2017-10-17 13:00:00,HIGH,COMBINED_ACTION,587.09,89.8,15.3,497.29,64.82,80.0,"Apply a coordinated simulated HVAC, EV charging and battery action.",PENDING
2017-10-17 14:00:00,HIGH,COMBINED_ACTION,591.64,94.6,15.99,497.04,69.14,80.0,"Apply a coordinated simulated HVAC, EV charging and battery action.",PENDING
2017-10-17 15:00:00,HIGH,COMBINED_ACTION,587.09,67.29,11.46,519.8,44.56,80.0,"Apply a coordinated simulated HVAC, EV charging and battery action.",PENDING
2017-10-17 16:00:00,HIGH,COMBINED_ACTION,586.77,66.67,11.36,520.1,44.0,80.0,"Apply a coordinated simulated HVAC, EV charging and battery action.",PENDING
2017-10-17 17:00:00,ELEVATED,BATTERY_DISCHARGE,576.86,25.0,4.33,551.86,6.75,77.5,Discharge the simulated campus battery during the peak period.,PENDING
2017-10-18 11:00:00,ELEVATED,BATTERY_DISCHARGE,554.12,25.0,4.51,529.12,6.75,80.0,Discharge the simulated campus battery during the peak period.,PENDING
2017-10-18 12:00:00,ELEVATED,BATTERY_DISCHARGE,562.36,25.0,4.45,537.36,6.75,80.0,Discharge the simulated campus battery during the peak period.,PENDING
2017-10-18 13:00:00,ELEVATED,COMBINED_ACTION,571.93,92.11,16.11,479.81,45.08,80.0,"Apply a coordinated simulated HVAC, EV charging and battery action.",PENDING
2017-10-18 14:00:00,ELEVATED,COMBINED_ACTION,573.44,85.32,14.88,488.12,39.99,80.0,"Apply a coordinated simulated HVAC, EV charging and battery action.",PENDING
2017-10-18 15:00:00,ELEVATED,BATTERY_DISCHARGE,572.69,25.0,4.37,547.69,6.75,80.0,Discharge the simulated campus battery during the peak period.,PENDING
2017-10-18 16:00:00,HIGH,BATTERY_DISCHARGE,582.67,25.0,4.29,557.67,14.5,80.0,Discharge the simulated campus battery during the peak period.,PENDING
2017-10-19 11:00:00,ELEVATED,BATTERY_DISCHARGE,555.54,25.0,4.5,530.54,6.75,80.0,Discharge the simulated campus battery during the peak period.,PENDING
2017-10-19 12:00:00,ELEVATED,COMBINED_ACTION,567.23,72.43,12.77,494.8,30.32,80.0,"Apply a coordinated simulated HVAC, EV charging and battery action.",PENDING
2017-10-19 13:00:00,HIGH,BATTERY_DISCHARGE,592.9,25.0,4.22,567.9,14.5,80.0,Discharge the simulated campus battery during the peak period.,PENDING
2017-10-19 14:00:00,ELEVATED,BATTERY_DISCHARGE,577.36,25.0,4.33,552.36,6.75,80.0,Discharge the simulated campus battery during the peak period.,PENDING
2017-10-19 15:00:00,ELEVATED,BATTERY_DISCHARGE,568.1,25.0,4.4,543.1,6.75,80.0,Discharge the simulated campus battery during the peak period.,PENDING
2017-10-19 16:00:00,HIGH,COMBINED_ACTION,599.7,59.53,9.93,540.17,37.58,80.0,"Apply a coordinated simulated HVAC, EV charging and battery action.",PENDING
2017-10-19 17:00:00,ELEVATED,COMBINED_ACTION,563.72,59.35,10.53,504.37,20.51,77.5,"Apply a coordinated simulated HVAC, EV charging and battery action.",PENDING
2017-10-20 12:00:00,ELEVATED,BATTERY_DISCHARGE,580.43,25.0,4.31,555.43,6.75,80.0,Discharge the simulated campus battery during the peak period.,PENDING
2017-10-20 13:00:00,ELEVATED,COMBINED_ACTION,573.78,82.87,14.44,490.91,38.15,80.0,"Apply a coordinated simulated HVAC, EV charging and battery action.",PENDING
2017-10-20 14:00:00,HIGH,COMBINED_ACTION,584.63,58.8,10.06,525.83,36.92,80.0,"Apply a coordinated simulated HVAC, EV charging and battery action.",PENDING
2017-10-20 15:00:00,ELEVATED,COMBINED_ACTION,575.35,70.52,12.26,504.83,28.89,80.0,"Apply a coordinated simulated HVAC, EV charging and battery action.",PENDING
2017-10-20 16:00:00,HIGH,BATTERY_DISCHARGE,596.02,25.0,4.19,571.02,14.5,80.0,Discharge the simulated campus battery during the peak period.,PENDING
2017-10-23 12:00:00,HIGH,BATTERY_DISCHARGE,586.59,25.0,4.26,561.59,14.5,80.0,Discharge the simulated campus battery during the peak period.,PENDING
2017-10-23 13:00:00,ELEVATED,BATTERY_DISCHARGE,567.13,25.0,4.41,542.13,6.75,80.0,Discharge the simulated campus battery during the peak period.,PENDING
2017-10-23 14:00:00,ELEVATED,COMBINED_ACTION,560.41,88.41,15.78,472.0,42.31,80.0,"Apply a coordinated simulated HVAC, EV charging and battery action.",PENDING
2017-10-23 15:00:00,ELEVATED,COMBINED_ACTION,569.91,89.55,15.71,480.37,43.16,80.0,"Apply a coordinated simulated HVAC, EV charging and battery action.",PENDING
2017-10-23 16:00:00,ELEVATED,BATTERY_DISCHARGE,570.18,25.0,4.38,545.18,6.75,80.0,Discharge the simulated campus battery during the peak period.,PENDING
2017-10-23 17:00:00,ELEVATED,BATTERY_DISCHARGE,578.8,25.0,4.32,553.8,6.75,77.5,Discharge the simulated campus battery during the peak period.,PENDING
2017-10-24 12:00:00,ELEVATED,BATTERY_DISCHARGE,560.43,25.0,4.46,535.43,6.75,80.0,Discharge the simulated campus battery during the peak period.,PENDING
2017-10-24 13:00:00,ELEVATED,BATTERY_DISCHARGE,576.16,25.0,4.34,551.16,6.75,80.0,Discharge the simulated campus battery during the peak period.,PENDING
2017-10-24 14:00:00,HIGH,BATTERY_DISCHARGE,584.91,25.0,4.27,559.91,14.5,80.0,Discharge the simulated campus battery during the peak period.,PENDING
2017-10-24 15:00:00,HIGH,BATTERY_DISCHARGE,587.39,25.0,4.26,562.39,14.5,80.0,Discharge the simulated campus battery during the peak period.,PENDING
2017-10-24 16:00:00,HIGH,BATTERY_DISCHARGE,594.69,25.0,4.2,569.69,14.5,80.0,Discharge the simulated campus battery during the peak period.,PENDING
2017-10-24 17:00:00,HIGH,BATTERY_DISCHARGE,588.77,25.0,4.25,563.77,14.5,77.5,Discharge the simulated campus battery during the peak period.,PENDING
2017-10-25 11:00:00,ELEVATED,COMBINED_ACTION,551.89,88.99,16.12,462.9,42.74,80.0,"Apply a coordinated simulated HVAC, EV charging and battery action.",PENDING
2017-10-25 12:00:00,ELEVATED,COMBINED_ACTION,561.2,75.32,13.42,485.88,32.49,80.0,"Apply a coordinated simulated HVAC, EV charging and battery action.",PENDING
2017-10-25 13:00:00,ELEVATED,BATTERY_DISCHARGE,577.28,25.0,4.33,552.28,6.75,80.0,Discharge the simulated campus battery during the peak period.,PENDING
2017-10-25 14:00:00,HIGH,COMBINED_ACTION,594.8,80.88,13.6,513.92,56.79,80.0,"Apply a coordinated simulated HVAC, EV charging and battery action.",PENDING
2017-10-25 15:00:00,HIGH,BATTERY_DISCHARGE,600.31,25.0,4.16,575.31,14.5,80.0,Discharge the simulated campus battery during the peak period.,PENDING
2017-10-25 16:00:00,HIGH,COMBINED_ACTION,598.52,63.59,10.62,534.93,41.23,80.0,"Apply a coordinated simulated HVAC, EV charging and battery action.",PENDING
2017-10-25 17:00:00,HIGH,BATTERY_DISCHARGE,600.92,25.0,4.16,575.92,14.5,77.5,Discharge the simulated campus battery during the peak period.,PENDING
2017-10-26 11:00:00,ELEVATED,BATTERY_DISCHARGE,558.04,25.0,4.48,533.04,6.75,80.0,Discharge the simulated campus battery during the peak period.,PENDING
2017-10-26 12:00:00,ELEVATED,BATTERY_DISCHARGE,558.8,25.0,4.47,533.8,6.75,80.0,Discharge the simulated campus battery during the peak period.,PENDING
2017-10-26 13:00:00,ELEVATED,BATTERY_DISCHARGE,579.56,25.0,4.31,554.56,6.75,80.0,Discharge the simulated campus battery during the peak period.,PENDING
2017-10-26 14:00:00,ELEVATED,BATTERY_DISCHARGE,574.51,25.0,4.35,549.51,6.75,80.0,Discharge the simulated campus battery during the peak period.,PENDING
2017-10-26 15:00:00,HIGH,BATTERY_DISCHARGE,581.46,25.0,4.3,556.46,14.5,80.0,Discharge the simulated campus battery during the peak period.,PENDING
2017-10-26 16:00:00,HIGH,COMBINED_ACTION,599.52,67.02,11.18,532.51,44.32,80.0,"Apply a coordinated simulated HVAC, EV charging and battery action.",PENDING
2017-10-26 17:00:00,ELEVATED,COMBINED_ACTION,579.15,81.2,14.02,497.95,36.9,77.5,"Apply a coordinated simulated HVAC, EV charging and battery action.",PENDING
2017-10-27 12:00:00,ELEVATED,COMBINED_ACTION,574.47,94.41,16.43,480.06,46.81,80.0,"Apply a coordinated simulated HVAC, EV charging and battery action.",PENDING
2017-10-27 13:00:00,ELEVATED,COMBINED_ACTION,575.43,63.9,11.11,511.52,23.92,80.0,"Apply a coordinated simulated HVAC, EV charging and battery action.",PENDING
2017-10-27 14:00:00,ELEVATED,BATTERY_DISCHARGE,578.77,25.0,4.32,553.77,6.75,80.0,Discharge the simulated campus battery during the peak period.,PENDING
2017-10-27 15:00:00,HIGH,COMBINED_ACTION,595.95,64.46,10.82,531.5,42.01,80.0,"Apply a coordinated simulated HVAC, EV charging and battery action.",PENDING
2017-10-27 16:00:00,ELEVATED,COMBINED_ACTION,572.64,76.78,13.41,495.86,33.58,80.0,"Apply a coordinated simulated HVAC, EV charging and battery action.",PENDING
2017-10-30 13:00:00,HIGH,COMBINED_ACTION,588.63,69.63,11.83,519.0,46.67,80.0,"Apply a coordinated simulated HVAC, EV charging and battery action.",PENDING
2017-10-30 14:00:00,HIGH,COMBINED_ACTION,586.65,74.44,12.69,512.22,51.0,80.0,"Apply a coordinated simulated HVAC, EV charging and battery action.",PENDING
2017-10-30 15:00:00,HIGH,BATTERY_DISCHARGE,597.98,25.0,4.18,572.98,14.5,80.0,Discharge the simulated campus battery during the peak period.,PENDING
2017-10-30 16:00:00,CRITICAL,COMBINED_ACTION,625.85,89.56,14.31,536.3,81.56,80.0,"Apply a coordinated simulated HVAC, EV charging and battery action.",PENDING
2017-10-30 17:00:00,ELEVATED,BATTERY_DISCHARGE,562.74,25.0,4.44,537.74,6.75,77.5,Discharge the simulated campus battery during the peak period.,PENDING
2017-10-31 13:00:00,ELEVATED,COMBINED_ACTION,553.39,63.37,11.45,490.03,23.53,80.0,"Apply a coordinated simulated HVAC, EV charging and battery action.",PENDING
2017-10-31 14:00:00,HIGH,BATTERY_DISCHARGE,603.03,25.0,4.15,578.03,14.5,80.0,Discharge the simulated campus battery during the peak period.,PENDING
2017-10-31 15:00:00,HIGH,COMBINED_ACTION,599.92,69.87,11.65,530.05,46.88,80.0,"Apply a coordinated simulated HVAC, EV charging and battery action.",PENDING
2017-10-31 16:00:00,HIGH,COMBINED_ACTION,582.87,93.13,15.98,489.74,67.82,80.0,"Apply a coordinated simulated HVAC, EV charging and battery action.",PENDING
2017-10-31 17:00:00,ELEVATED,BATTERY_DISCHARGE,560.37,25.0,4.46,535.37,6.75,77.5,Discharge the simulated campus battery during the peak period.,PENDING
2017-11-01 11:00:00,ELEVATED,BATTERY_DISCHARGE,554.13,25.0,4.51,529.13,6.75,80.0,Discharge the simulated campus battery during the peak period.,PENDING
2017-11-01 12:00:00,ELEVATED,COMBINED_ACTION,572.19,91.02,15.91,481.17,44.26,80.0,"Apply a coordinated simulated HVAC, EV charging and battery action.",PENDING
2017-11-01 13:00:00,HIGH,BATTERY_DISCHARGE,590.56,25.0,4.23,565.56,14.5,80.0,Discharge the simulated campus battery during the peak period.,PENDING
2017-11-01 14:00:00,HIGH,BATTERY_DISCHARGE,599.27,25.0,4.17,574.27,14.5,80.0,Discharge the simulated campus battery during the peak period.,PENDING
2017-11-01 15:00:00,HIGH,COMBINED_ACTION,608.87,96.32,15.82,512.55,70.69,80.0,"Apply a coordinated simulated HVAC, EV charging and battery action.",PENDING
2017-11-01 16:00:00,HIGH,COMBINED_ACTION,603.95,96.01,15.9,507.94,70.41,80.0,"Apply a coordinated simulated HVAC, EV charging and battery action.",PENDING
2017-11-01 17:00:00,ELEVATED,COMBINED_ACTION,570.19,58.81,10.31,511.38,20.11,77.5,"Apply a coordinated simulated HVAC, EV charging and battery action.",PENDING
2017-11-02 11:00:00,ELEVATED,BATTERY_DISCHARGE,574.66,25.0,4.35,549.66,6.75,80.0,Discharge the simulated campus battery during the peak period.,PENDING
2017-11-02 12:00:00,HIGH,COMBINED_ACTION,604.24,93.33,15.45,510.91,68.0,80.0,"Apply a coordinated simulated HVAC, EV charging and battery action.",PENDING
2017-11-02 13:00:00,HIGH,COMBINED_ACTION,583.09,69.27,11.88,513.82,46.34,80.0,"Apply a coordinated simulated HVAC, EV charging and battery action.",PENDING
2017-11-02 14:00:00,HIGH,BATTERY_DISCHARGE,600.87,25.0,4.16,575.87,14.5,80.0,Discharge the simulated campus battery during the peak period.,PENDING
2017-11-02 15:00:00,HIGH,COMBINED_ACTION,594.79,86.99,14.63,507.8,62.29,80.0,"Apply a coordinated simulated HVAC, EV charging and battery action.",PENDING
2017-11-02 16:00:00,HIGH,HVAC_SETPOINT_ADJUSTMENT,598.4,30.05,5.02,568.35,15.05,80.0,Apply a temporary simulated HVAC setpoint adjustment.,PENDING
2017-11-02 17:00:00,ELEVATED,BATTERY_DISCHARGE,571.78,25.0,4.37,546.78,6.75,77.5,Discharge the simulated campus battery during the peak period.,PENDING
2017-11-03 11:00:00,ELEVATED,BATTERY_DISCHARGE,575.89,25.0,4.34,550.89,6.75,80.0,Discharge the simulated campus battery during the peak period.,PENDING
2017-11-03 12:00:00,HIGH,COMBINED_ACTION,585.41,72.14,12.32,513.27,48.93,80.0,"Apply a coordinated simulated HVAC, EV charging and battery action.",PENDING
2017-11-03 13:00:00,HIGH,COMBINED_ACTION,602.1,73.0,12.12,529.09,49.7,80.0,"Apply a coordinated simulated HVAC, EV charging and battery action.",PENDING
2017-11-03 14:00:00,HIGH,COMBINED_ACTION,601.66,92.07,15.3,509.59,66.86,80.0,"Apply a coordinated simulated HVAC, EV charging and battery action.",PENDING
2017-11-03 15:00:00,CRITICAL,BATTERY_DISCHARGE,612.56,25.0,4.08,587.56,21.0,80.0,Discharge the simulated campus battery during the peak period.,PENDING
2017-11-03 16:00:00,HIGH,BATTERY_DISCHARGE,605.63,25.0,4.13,580.63,14.5,80.0,Discharge the simulated campus battery during the peak period.,PENDING
2017-11-06 12:00:00,ELEVATED,COMBINED_ACTION,566.05,85.84,15.17,480.21,40.38,80.0,"Apply a coordinated simulated HVAC, EV charging and battery action.",PENDING
2017-11-06 13:00:00,HIGH,HVAC_SETPOINT_ADJUSTMENT,592.16,31.39,5.3,560.77,16.25,80.0,Apply a temporary simulated HVAC setpoint adjustment.,PENDING
2017-11-06 14:00:00,ELEVATED,BATTERY_DISCHARGE,569.82,25.0,4.39,544.82,6.75,80.0,Discharge the simulated campus battery during the peak period.,PENDING
2017-11-06 15:00:00,ELEVATED,COMBINED_ACTION,577.95,76.86,13.3,501.09,33.64,80.0,"Apply a coordinated simulated HVAC, EV charging and battery action.",PENDING
2017-11-06 16:00:00,CRITICAL,HVAC_SETPOINT_ADJUSTMENT,618.79,27.74,4.48,591.05,21.74,80.0,Apply a temporary simulated HVAC setpoint adjustment.,PENDING
2017-11-06 17:00:00,ELEVATED,BATTERY_DISCHARGE,557.23,25.0,4.49,532.23,6.75,77.5,Discharge the simulated campus battery during the peak period.,PENDING
2017-11-07 12:00:00,ELEVATED,COMBINED_ACTION,566.16,84.08,14.85,482.08,39.06,80.0,"Apply a coordinated simulated HVAC, EV charging and battery action.",PENDING
2017-11-07 13:00:00,ELEVATED,COMBINED_ACTION,578.74,79.46,13.73,499.27,35.6,80.0,"Apply a coordinated simulated HVAC, EV charging and battery action.",PENDING
2017-11-07 14:00:00,HIGH,HVAC_SETPOINT_ADJUSTMENT,598.41,32.29,5.4,566.12,17.06,80.0,Apply a temporary simulated HVAC setpoint adjustment.,PENDING
2017-11-07 15:00:00,ELEVATED,BATTERY_DISCHARGE,579.35,25.0,4.32,554.35,6.75,80.0,Discharge the simulated campus battery during the peak period.,PENDING
2017-11-07 16:00:00,HIGH,COMBINED_ACTION,602.24,70.24,11.66,532.0,47.22,80.0,"Apply a coordinated simulated HVAC, EV charging and battery action.",PENDING
2017-11-07 17:00:00,ELEVATED,COMBINED_ACTION,565.43,73.78,13.05,491.65,31.34,77.5,"Apply a coordinated simulated HVAC, EV charging and battery action.",PENDING
2017-11-08 12:00:00,ELEVATED,HVAC_SETPOINT_ADJUSTMENT,564.21,33.68,5.97,530.53,7.26,80.0,Apply a temporary simulated HVAC setpoint adjustment.,PENDING
2017-11-08 13:00:00,HIGH,HVAC_SETPOINT_ADJUSTMENT,585.94,32.07,5.47,553.87,16.86,80.0,Apply a temporary simulated HVAC setpoint adjustment.,PENDING
2017-11-08 14:00:00,ELEVATED,COMBINED_ACTION,578.68,100.18,17.31,478.5,51.14,80.0,"Apply a coordinated simulated HVAC, EV charging and battery action.",PENDING
2017-11-08 15:00:00,HIGH,COMBINED_ACTION,588.22,62.28,10.59,525.94,40.05,80.0,"Apply a coordinated simulated HVAC, EV charging and battery action.",PENDING
2017-11-08 16:00:00,HIGH,HVAC_SETPOINT_ADJUSTMENT,585.36,32.07,5.48,553.29,16.86,80.0,Apply a temporary simulated HVAC setpoint adjustment.,PENDING
2017-11-08 17:00:00,ELEVATED,BATTERY_DISCHARGE,563.66,25.0,4.44,538.66,6.75,77.5,Discharge the simulated campus battery during the peak period.,PENDING
2017-11-09 12:00:00,ELEVATED,COMBINED_ACTION,563.56,91.2,16.18,472.36,44.4,80.0,"Apply a coordinated simulated HVAC, EV charging and battery action.",PENDING
2017-11-09 13:00:00,ELEVATED,BATTERY_DISCHARGE,579.28,25.0,4.32,554.28,6.75,80.0,Discharge the simulated campus battery during the peak period.,PENDING
2017-11-09 14:00:00,HIGH,HVAC_SETPOINT_ADJUSTMENT,583.47,30.42,5.21,553.05,15.38,80.0,Apply a temporary simulated HVAC setpoint adjustment.,PENDING
2017-11-09 15:00:00,HIGH,BATTERY_DISCHARGE,595.63,25.0,4.2,570.63,14.5,80.0,Discharge the simulated campus battery during the peak period.,PENDING
2017-11-09 16:00:00,HIGH,COMBINED_ACTION,583.02,72.53,12.44,510.5,49.28,80.0,"Apply a coordinated simulated HVAC, EV charging and battery action.",PENDING
2017-11-09 17:00:00,ELEVATED,BATTERY_DISCHARGE,560.1,25.0,4.46,535.1,6.75,77.5,Discharge the simulated campus battery during the peak period.,PENDING
2017-11-10 12:00:00,ELEVATED,BATTERY_DISCHARGE,574.65,25.0,4.35,549.65,6.75,80.0,Discharge the simulated campus battery during the peak period.,PENDING
2017-11-10 13:00:00,ELEVATED,COMBINED_ACTION,576.82,90.42,15.68,486.4,43.82,80.0,"Apply a coordinated simulated HVAC, EV charging and battery action.",PENDING
2017-11-10 14:00:00,ELEVATED,COMBINED_ACTION,560.56,88.23,15.74,472.32,42.17,80.0,"Apply a coordinated simulated HVAC, EV charging and battery action.",PENDING
2017-11-10 15:00:00,ELEVATED,BATTERY_DISCHARGE,563.84,25.0,4.43,538.84,6.75,80.0,Discharge the simulated campus battery during the peak period.,PENDING
2017-11-10 16:00:00,ELEVATED,COMBINED_ACTION,561.45,94.32,16.8,467.13,46.74,80.0,"Apply a coordinated simulated HVAC, EV charging and battery action.",PENDING
2017-11-13 12:00:00,ELEVATED,HVAC_SETPOINT_ADJUSTMENT,574.92,33.54,5.83,541.39,7.16,80.0,Apply a temporary simulated HVAC setpoint adjustment.,PENDING
2017-11-13 13:00:00,ELEVATED,BATTERY_DISCHARGE,577.67,25.0,4.33,552.67,6.75,80.0,Discharge the simulated campus battery during the peak period.,PENDING
2017-11-13 14:00:00,HIGH,HVAC_SETPOINT_ADJUSTMENT,609.22,31.62,5.19,577.59,16.46,80.0,Apply a temporary simulated HVAC setpoint adjustment.,PENDING
2017-11-13 15:00:00,HIGH,COMBINED_ACTION,609.42,79.5,13.05,529.92,55.55,80.0,"Apply a coordinated simulated HVAC, EV charging and battery action.",PENDING
2017-11-13 16:00:00,HIGH,HVAC_SETPOINT_ADJUSTMENT,591.33,33.21,5.62,558.11,17.89,80.0,Apply a temporary simulated HVAC setpoint adjustment.,PENDING
2017-11-13 17:00:00,ELEVATED,BATTERY_DISCHARGE,567.89,25.0,4.4,542.89,6.75,77.5,Discharge the simulated campus battery during the peak period.,PENDING
2017-11-14 12:00:00,ELEVATED,BATTERY_DISCHARGE,576.62,25.0,4.34,551.62,6.75,80.0,Discharge the simulated campus battery during the peak period.,PENDING
2017-11-14 13:00:00,HIGH,COMBINED_ACTION,604.31,81.92,13.56,522.39,57.73,80.0,"Apply a coordinated simulated HVAC, EV charging and battery action.",PENDING
2017-11-14 14:00:00,HIGH,COMBINED_ACTION,595.22,69.18,11.62,526.05,46.26,80.0,"Apply a coordinated simulated HVAC, EV charging and battery action.",PENDING
2017-11-14 15:00:00,HIGH,COMBINED_ACTION,597.57,88.71,14.85,508.86,63.84,80.0,"Apply a coordinated simulated HVAC, EV charging and battery action.",PENDING
2017-11-14 16:00:00,HIGH,HVAC_SETPOINT_ADJUSTMENT,598.65,30.39,5.08,568.26,15.35,80.0,Apply a temporary simulated HVAC setpoint adjustment.,PENDING
2017-11-14 17:00:00,ELEVATED,BATTERY_DISCHARGE,575.81,25.0,4.34,550.81,6.75,77.5,Discharge the simulated campus battery during the peak period.,PENDING
2017-11-15 12:00:00,ELEVATED,BATTERY_DISCHARGE,577.7,25.0,4.33,552.7,6.75,80.0,Discharge the simulated campus battery during the peak period.,PENDING
2017-11-15 13:00:00,HIGH,COMBINED_ACTION,591.9,60.44,10.21,531.45,38.4,80.0,"Apply a coordinated simulated HVAC, EV charging and battery action.",PENDING
2017-11-15 14:00:00,HIGH,BATTERY_DISCHARGE,593.53,25.0,4.21,568.53,14.5,80.0,Discharge the simulated campus battery during the peak period.,PENDING
2017-11-15 15:00:00,HIGH,COMBINED_ACTION,594.88,86.32,14.51,508.56,61.69,80.0,"Apply a coordinated simulated HVAC, EV charging and battery action.",PENDING
2017-11-15 16:00:00,HIGH,COMBINED_ACTION,586.15,66.97,11.43,519.18,44.27,80.0,"Apply a coordinated simulated HVAC, EV charging and battery action.",PENDING
2017-11-15 17:00:00,ELEVATED,COMBINED_ACTION,572.04,72.71,12.71,499.32,30.53,77.5,"Apply a coordinated simulated HVAC, EV charging and battery action.",PENDING
2017-11-16 12:00:00,ELEVATED,COMBINED_ACTION,570.87,80.37,14.08,490.5,36.28,80.0,"Apply a coordinated simulated HVAC, EV charging and battery action.",PENDING
2017-11-16 13:00:00,HIGH,BATTERY_DISCHARGE,590.8,25.0,4.23,565.8,14.5,80.0,Discharge the simulated campus battery during the peak period.,PENDING
2017-11-16 14:00:00,CRITICAL,HVAC_SETPOINT_ADJUSTMENT,614.52,27.06,4.4,587.46,21.06,80.0,Apply a temporary simulated HVAC setpoint adjustment.,PENDING
2017-11-16 15:00:00,HIGH,BATTERY_DISCHARGE,597.91,25.0,4.18,572.91,14.5,80.0,Discharge the simulated campus battery during the peak period.,PENDING
2017-11-16 16:00:00,HIGH,HVAC_SETPOINT_ADJUSTMENT,598.95,30.8,5.14,568.15,15.72,80.0,Apply a temporary simulated HVAC setpoint adjustment.,PENDING
2017-11-16 17:00:00,ELEVATED,BATTERY_DISCHARGE,565.31,25.0,4.42,540.31,6.75,77.5,Discharge the simulated campus battery during the peak period.,PENDING
2017-11-17 11:00:00,ELEVATED,HVAC_SETPOINT_ADJUSTMENT,557.08,35.06,6.29,522.02,8.3,80.0,Apply a temporary simulated HVAC setpoint adjustment.,PENDING
2017-11-17 12:00:00,HIGH,HVAC_SETPOINT_ADJUSTMENT,592.58,32.61,5.5,559.98,17.35,80.0,Apply a temporary simulated HVAC setpoint adjustment.,PENDING
2017-11-17 13:00:00,HIGH,COMBINED_ACTION,601.94,71.85,11.94,530.09,48.66,80.0,"Apply a coordinated simulated HVAC, EV charging and battery action.",PENDING
2017-11-17 14:00:00,HIGH,COMBINED_ACTION,595.85,86.82,14.57,509.03,62.14,80.0,"Apply a coordinated simulated HVAC, EV charging and battery action.",PENDING
2017-11-17 15:00:00,HIGH,COMBINED_ACTION,592.6,68.56,11.57,524.04,45.7,80.0,"Apply a coordinated simulated HVAC, EV charging and battery action.",PENDING
2017-11-17 16:00:00,CRITICAL,HVAC_SETPOINT_ADJUSTMENT,630.68,33.01,5.23,597.67,27.01,80.0,Apply a temporary simulated HVAC setpoint adjustment.,PENDING
2017-11-17 17:00:00,ELEVATED,HVAC_SETPOINT_ADJUSTMENT,573.04,33.68,5.88,539.36,7.26,77.5,Apply a temporary simulated HVAC setpoint adjustment.,PENDING
2017-11-20 11:00:00,ELEVATED,BATTERY_DISCHARGE,552.4,25.0,4.53,527.4,6.75,80.0,Discharge the simulated campus battery during the peak period.,PENDING
2017-11-20 12:00:00,HIGH,BATTERY_DISCHARGE,582.31,25.0,4.29,557.31,14.5,80.0,Discharge the simulated campus battery during the peak period.,PENDING
2017-11-20 13:00:00,HIGH,COMBINED_ACTION,589.21,70.48,11.96,518.73,47.43,80.0,"Apply a coordinated simulated HVAC, EV charging and battery action.",PENDING
2017-11-20 14:00:00,HIGH,COMBINED_ACTION,604.3,85.59,14.16,518.71,61.03,80.0,"Apply a coordinated simulated HVAC, EV charging and battery action.",PENDING
2017-11-20 15:00:00,CRITICAL,BATTERY_DISCHARGE,614.85,25.0,4.07,589.85,21.0,80.0,Discharge the simulated campus battery during the peak period.,PENDING
2017-11-20 16:00:00,HIGH,BATTERY_DISCHARGE,599.78,25.0,4.17,574.78,14.5,80.0,Discharge the simulated campus battery during the peak period.,PENDING
2017-11-20 17:00:00,HIGH,BATTERY_DISCHARGE,585.03,25.0,4.27,560.03,14.5,77.5,Discharge the simulated campus battery during the peak period.,PENDING
2017-11-21 11:00:00,ELEVATED,COMBINED_ACTION,560.22,80.93,14.45,479.3,36.7,80.0,"Apply a coordinated simulated HVAC, EV charging and battery action.",PENDING
2017-11-21 12:00:00,ELEVATED,COMBINED_ACTION,579.33,59.34,10.24,519.99,20.51,80.0,"Apply a coordinated simulated HVAC, EV charging and battery action.",PENDING
2017-11-21 13:00:00,HIGH,COMBINED_ACTION,587.82,71.86,12.23,515.95,48.67,80.0,"Apply a coordinated simulated HVAC, EV charging and battery action.",PENDING
2017-11-21 14:00:00,CRITICAL,COMBINED_ACTION,636.4,66.51,10.45,569.89,58.51,80.0,"Apply a coordinated simulated HVAC, EV charging and battery action.",PENDING
2017-11-21 15:00:00,CRITICAL,COMBINED_ACTION,623.1,93.43,14.99,529.67,85.43,80.0,"Apply a coordinated simulated HVAC, EV charging and battery action.",PENDING
2017-11-21 16:00:00,CRITICAL,COMBINED_ACTION,617.51,67.78,10.98,549.74,59.78,80.0,"Apply a coordinated simulated HVAC, EV charging and battery action.",PENDING
2017-11-21 17:00:00,HIGH,COMBINED_ACTION,588.46,69.59,11.83,518.88,46.63,77.5,"Apply a coordinated simulated HVAC, EV charging and battery action.",PENDING
2017-11-22 11:00:00,ELEVATED,BATTERY_DISCHARGE,565.05,25.0,4.42,540.05,6.75,80.0,Discharge the simulated campus battery during the peak period.,PENDING
2017-11-22 12:00:00,HIGH,BATTERY_DISCHARGE,590.98,25.0,4.23,565.98,14.5,80.0,Discharge the simulated campus battery during the peak period.,PENDING
2017-11-22 13:00:00,HIGH,COMBINED_ACTION,611.12,75.42,12.34,535.7,51.88,80.0,"Apply a coordinated simulated HVAC, EV charging and battery action.",PENDING
2017-11-22 14:00:00,CRITICAL,COMBINED_ACTION,614.44,90.88,14.79,523.56,82.88,80.0,"Apply a coordinated simulated HVAC, EV charging and battery action.",PENDING
2017-11-22 15:00:00,CRITICAL,COMBINED_ACTION,615.72,93.26,15.15,522.46,85.26,80.0,"Apply a coordinated simulated HVAC, EV charging and battery action.",PENDING
2017-11-22 16:00:00,CRITICAL,COMBINED_ACTION,650.79,91.71,14.09,559.08,83.71,80.0,"Apply a coordinated simulated HVAC, EV charging and battery action.",PENDING
2017-11-22 17:00:00,HIGH,BATTERY_DISCHARGE,605.27,25.0,4.13,580.27,14.5,77.5,Discharge the simulated campus battery during the peak period.,PENDING
2017-11-23 11:00:00,ELEVATED,BATTERY_DISCHARGE,570.9,25.0,4.38,545.9,6.75,80.0,Discharge the simulated campus battery during the peak period.,PENDING
2017-11-23 12:00:00,HIGH,HVAC_SETPOINT_ADJUSTMENT,601.07,31.45,5.23,569.63,16.3,80.0,Apply a temporary simulated HVAC setpoint adjustment.,PENDING
2017-11-23 13:00:00,CRITICAL,COMBINED_ACTION,612.46,80.37,13.12,532.09,72.37,80.0,"Apply a coordinated simulated HVAC, EV charging and battery action.",PENDING
2017-11-23 14:00:00,CRITICAL,HVAC_SETPOINT_ADJUSTMENT,624.47,33.99,5.44,590.48,27.99,80.0,Apply a temporary simulated HVAC setpoint adjustment.,PENDING
2017-11-23 15:00:00,CRITICAL,COMBINED_ACTION,612.86,80.75,13.18,532.11,72.75,80.0,"Apply a coordinated simulated HVAC, EV charging and battery action.",PENDING
2017-11-23 16:00:00,CRITICAL,COMBINED_ACTION,639.41,92.8,14.51,546.61,84.8,80.0,"Apply a coordinated simulated HVAC, EV charging and battery action.",PENDING
2017-11-23 17:00:00,ELEVATED,COMBINED_ACTION,581.06,81.92,14.1,499.14,37.44,77.5,"Apply a coordinated simulated HVAC, EV charging and battery action.",PENDING
2017-11-24 11:00:00,ELEVATED,COMBINED_ACTION,580.36,76.92,13.25,503.45,33.69,80.0,"Apply a coordinated simulated HVAC, EV charging and battery action.",PENDING
2017-11-24 12:00:00,HIGH,COMBINED_ACTION,583.8,91.88,15.74,491.92,66.69,80.0,"Apply a coordinated simulated HVAC, EV charging and battery action.",PENDING
2017-11-24 13:00:00,HIGH,HVAC_SETPOINT_ADJUSTMENT,603.88,33.61,5.57,570.27,18.25,80.0,Apply a temporary simulated HVAC setpoint adjustment.,PENDING
2017-11-24 14:00:00,HIGH,COMBINED_ACTION,599.3,80.6,13.45,518.7,56.54,80.0,"Apply a coordinated simulated HVAC, EV charging and battery action.",PENDING
2017-11-24 15:00:00,HIGH,COMBINED_ACTION,583.41,77.1,13.21,506.31,53.39,80.0,"Apply a coordinated simulated HVAC, EV charging and battery action.",PENDING
2017-11-24 16:00:00,HIGH,COMBINED_ACTION,583.73,91.51,15.68,492.22,66.36,80.0,"Apply a coordinated simulated HVAC, EV charging and battery action.",PENDING
2017-11-24 17:00:00,ELEVATED,BATTERY_DISCHARGE,555.52,25.0,4.5,530.52,6.75,77.5,Discharge the simulated campus battery during the peak period.,PENDING
2017-11-27 11:00:00,ELEVATED,BATTERY_DISCHARGE,557.12,25.0,4.49,532.12,6.75,80.0,Discharge the simulated campus battery during the peak period.,PENDING
2017-11-27 12:00:00,HIGH,HVAC_SETPOINT_ADJUSTMENT,582.17,32.52,5.59,549.65,17.27,80.0,Apply a temporary simulated HVAC setpoint adjustment.,PENDING
2017-11-27 13:00:00,HIGH,COMBINED_ACTION,611.95,77.85,12.72,534.09,54.06,80.0,"Apply a coordinated simulated HVAC, EV charging and battery action.",PENDING
2017-11-27 14:00:00,CRITICAL,HVAC_SETPOINT_ADJUSTMENT,614.1,28.26,4.6,585.85,22.26,80.0,Apply a temporary simulated HVAC setpoint adjustment.,PENDING
2017-11-27 15:00:00,HIGH,COMBINED_ACTION,611.31,83.49,13.66,527.81,59.14,80.0,"Apply a coordinated simulated HVAC, EV charging and battery action.",PENDING
2017-11-27 16:00:00,CRITICAL,COMBINED_ACTION,613.87,70.81,11.53,543.07,62.81,80.0,"Apply a coordinated simulated HVAC, EV charging and battery action.",PENDING
2017-11-27 17:00:00,HIGH,BATTERY_DISCHARGE,589.36,25.0,4.24,564.36,14.5,77.5,Discharge the simulated campus battery during the peak period.,PENDING
2017-11-28 12:00:00,HIGH,HVAC_SETPOINT_ADJUSTMENT,586.84,31.04,5.29,555.8,15.94,80.0,Apply a temporary simulated HVAC setpoint adjustment.,PENDING
2017-11-28 13:00:00,CRITICAL,COMBINED_ACTION,620.06,77.1,12.43,542.96,69.1,80.0,"Apply a coordinated simulated HVAC, EV charging and battery action.",PENDING
2017-11-28 14:00:00,HIGH,HVAC_SETPOINT_ADJUSTMENT,595.32,32.03,5.38,563.29,16.83,80.0,Apply a temporary simulated HVAC setpoint adjustment.,PENDING
2017-11-28 15:00:00,HIGH,COMBINED_ACTION,599.01,103.88,17.34,495.13,77.49,80.0,"Apply a coordinated simulated HVAC, EV charging and battery action.",PENDING
2017-11-28 16:00:00,HIGH,HVAC_SETPOINT_ADJUSTMENT,602.57,31.84,5.28,570.73,16.66,80.0,Apply a temporary simulated HVAC setpoint adjustment.,PENDING
2017-11-28 17:00:00,ELEVATED,COMBINED_ACTION,560.31,70.29,12.55,490.02,28.72,77.5,"Apply a coordinated simulated HVAC, EV charging and battery action.",PENDING
2017-11-29 12:00:00,HIGH,COMBINED_ACTION,588.07,83.97,14.28,504.1,59.57,80.0,"Apply a coordinated simulated HVAC, EV charging and battery action.",PENDING
2017-11-29 13:00:00,HIGH,COMBINED_ACTION,593.31,99.27,16.73,494.04,73.34,80.0,"Apply a coordinated simulated HVAC, EV charging and battery action.",PENDING
2017-11-29 14:00:00,CRITICAL,HVAC_SETPOINT_ADJUSTMENT,647.43,28.46,4.4,618.96,22.46,80.0,Apply a temporary simulated HVAC setpoint adjustment.,PENDING
2017-11-29 15:00:00,HIGH,HVAC_SETPOINT_ADJUSTMENT,604.36,35.7,5.91,568.66,20.13,80.0,Apply a temporary simulated HVAC setpoint adjustment.,PENDING
2017-11-29 16:00:00,HIGH,COMBINED_ACTION,609.4,81.71,13.41,527.69,57.54,80.0,"Apply a coordinated simulated HVAC, EV charging and battery action.",PENDING
2017-11-29 17:00:00,ELEVATED,BATTERY_DISCHARGE,581.37,25.0,4.3,556.37,6.75,77.5,Discharge the simulated campus battery during the peak period.,PENDING
2017-11-30 11:00:00,ELEVATED,COMBINED_ACTION,564.42,74.35,13.17,490.08,31.76,80.0,"Apply a coordinated simulated HVAC, EV charging and battery action.",PENDING
2017-11-30 12:00:00,HIGH,COMBINED_ACTION,584.62,75.46,12.91,509.15,51.91,80.0,"Apply a coordinated simulated HVAC, EV charging and battery action.",PENDING
2017-11-30 13:00:00,CRITICAL,HVAC_SETPOINT_ADJUSTMENT,630.69,37.97,6.02,592.72,31.97,80.0,Apply a temporary simulated HVAC setpoint adjustment.,PENDING
2017-11-30 14:00:00,CRITICAL,HVAC_SETPOINT_ADJUSTMENT,630.4,36.66,5.81,593.75,30.66,80.0,Apply a temporary simulated HVAC setpoint adjustment.,PENDING
2017-11-30 15:00:00,CRITICAL,COMBINED_ACTION,640.77,85.16,13.29,555.61,77.16,80.0,"Apply a coordinated simulated HVAC, EV charging and battery action.",PENDING
2017-11-30 16:00:00,CRITICAL,HVAC_SETPOINT_ADJUSTMENT,637.35,38.4,6.03,598.94,32.4,80.0,Apply a temporary simulated HVAC setpoint adjustment.,PENDING
2017-11-30 17:00:00,HIGH,COMBINED_ACTION,611.73,82.96,13.56,528.77,58.66,77.5,"Apply a coordinated simulated HVAC, EV charging and battery action.",PENDING
2017-12-01 11:00:00,ELEVATED,HVAC_SETPOINT_ADJUSTMENT,551.3,39.38,7.14,511.92,11.54,80.0,Apply a temporary simulated HVAC setpoint adjustment.,PENDING
2017-12-01 12:00:00,ELEVATED,HVAC_SETPOINT_ADJUSTMENT,575.94,37.2,6.46,538.75,9.9,80.0,Apply a temporary simulated HVAC setpoint adjustment.,PENDING
2017-12-01 13:00:00,HIGH,HVAC_SETPOINT_ADJUSTMENT,611.24,30.26,4.95,580.97,15.23,80.0,Apply a temporary simulated HVAC setpoint adjustment.,PENDING
2017-12-01 14:00:00,HIGH,COMBINED_ACTION,585.65,73.47,12.54,512.19,50.12,80.0,"Apply a coordinated simulated HVAC, EV charging and battery action.",PENDING
2017-12-01 15:00:00,CRITICAL,HVAC_SETPOINT_ADJUSTMENT,612.73,36.28,5.92,576.45,30.28,80.0,Apply a temporary simulated HVAC setpoint adjustment.,PENDING
2017-12-01 16:00:00,CRITICAL,COMBINED_ACTION,622.87,76.89,12.34,545.98,68.89,80.0,"Apply a coordinated simulated HVAC, EV charging and battery action.",PENDING
2017-12-01 17:00:00,ELEVATED,HVAC_SETPOINT_ADJUSTMENT,581.31,34.83,5.99,546.49,8.12,77.5,Apply a temporary simulated HVAC setpoint adjustment.,PENDING
2017-12-04 11:00:00,ELEVATED,BATTERY_DISCHARGE,551.15,25.0,4.54,526.15,6.75,80.0,Discharge the simulated campus battery during the peak period.,PENDING
2017-12-04 12:00:00,HIGH,HVAC_SETPOINT_ADJUSTMENT,589.98,32.17,5.45,557.81,16.95,80.0,Apply a temporary simulated HVAC setpoint adjustment.,PENDING
2017-12-04 13:00:00,HIGH,COMBINED_ACTION,606.33,91.9,15.16,514.43,66.71,80.0,"Apply a coordinated simulated HVAC, EV charging and battery action.",PENDING
2017-12-04 14:00:00,HIGH,HVAC_SETPOINT_ADJUSTMENT,609.36,29.78,4.89,579.57,14.8,80.0,Apply a temporary simulated HVAC setpoint adjustment.,PENDING
2017-12-04 15:00:00,HIGH,HVAC_SETPOINT_ADJUSTMENT,595.52,30.22,5.08,565.29,15.2,80.0,Apply a temporary simulated HVAC setpoint adjustment.,PENDING
2017-12-04 16:00:00,HIGH,BATTERY_DISCHARGE,584.92,25.0,4.27,559.92,14.5,80.0,Discharge the simulated campus battery during the peak period.,PENDING
2017-12-04 17:00:00,HIGH,COMBINED_ACTION,596.74,91.98,15.41,504.76,66.78,77.5,"Apply a coordinated simulated HVAC, EV charging and battery action.",PENDING
2017-12-05 11:00:00,ELEVATED,HVAC_SETPOINT_ADJUSTMENT,573.65,35.53,6.19,538.11,8.65,80.0,Apply a temporary simulated HVAC setpoint adjustment.,PENDING
2017-12-05 12:00:00,HIGH,HVAC_SETPOINT_ADJUSTMENT,589.26,35.12,5.96,554.14,19.61,80.0,Apply a temporary simulated HVAC setpoint adjustment.,PENDING
2017-12-05 13:00:00,CRITICAL,HVAC_SETPOINT_ADJUSTMENT,619.09,34.1,5.51,584.99,28.1,80.0,Apply a temporary simulated HVAC setpoint adjustment.,PENDING
2017-12-05 14:00:00,HIGH,COMBINED_ACTION,594.17,71.31,12.0,522.86,48.18,80.0,"Apply a coordinated simulated HVAC, EV charging and battery action.",PENDING
2017-12-05 15:00:00,HIGH,COMBINED_ACTION,605.63,86.42,14.27,519.21,61.78,80.0,"Apply a coordinated simulated HVAC, EV charging and battery action.",PENDING
2017-12-05 16:00:00,CRITICAL,COMBINED_ACTION,615.54,95.93,15.58,519.61,87.93,80.0,"Apply a coordinated simulated HVAC, EV charging and battery action.",PENDING
2017-12-05 17:00:00,HIGH,BATTERY_DISCHARGE,590.97,25.0,4.23,565.97,14.5,77.5,Discharge the simulated campus battery during the peak period.,PENDING
2017-12-07 12:00:00,ELEVATED,COMBINED_ACTION,565.1,70.1,12.4,495.0,28.57,80.0,"Apply a coordinated simulated HVAC, EV charging and battery action.",PENDING
2017-12-07 13:00:00,ELEVATED,BATTERY_DISCHARGE,562.17,25.0,4.45,537.17,6.75,80.0,Discharge the simulated campus battery during the peak period.,PENDING
2017-12-07 14:00:00,ELEVATED,BATTERY_DISCHARGE,557.48,25.0,4.48,532.48,6.75,80.0,Discharge the simulated campus battery during the peak period.,PENDING
2017-12-07 15:00:00,ELEVATED,BATTERY_DISCHARGE,570.57,25.0,4.38,545.57,6.75,80.0,Discharge the simulated campus battery during the peak period.,PENDING
2017-12-07 16:00:00,ELEVATED,BATTERY_DISCHARGE,571.51,25.0,4.37,546.51,6.75,80.0,Discharge the simulated campus battery during the peak period.,PENDING
2017-12-07 17:00:00,ELEVATED,BATTERY_DISCHARGE,550.82,25.0,4.54,525.82,6.75,77.5,Discharge the simulated campus battery during the peak period.,PENDING
2017-12-08 12:00:00,ELEVATED,HVAC_SETPOINT_ADJUSTMENT,569.39,39.6,6.96,529.79,11.7,80.0,Apply a temporary simulated HVAC setpoint adjustment.,PENDING
2017-12-08 13:00:00,HIGH,COMBINED_ACTION,596.97,74.35,12.45,522.62,50.91,80.0,"Apply a coordinated simulated HVAC, EV charging and battery action.",PENDING
2017-12-08 14:00:00,HIGH,HVAC_SETPOINT_ADJUSTMENT,605.1,35.17,5.81,569.93,19.65,80.0,Apply a temporary simulated HVAC setpoint adjustment.,PENDING
2017-12-08 15:00:00,HIGH,COMBINED_ACTION,598.7,78.07,13.04,520.63,54.26,80.0,"Apply a coordinated simulated HVAC, EV charging and battery action.",PENDING
2017-12-08 16:00:00,HIGH,HVAC_SETPOINT_ADJUSTMENT,596.04,36.25,6.08,559.79,20.62,80.0,Apply a temporary simulated HVAC setpoint adjustment.,PENDING
2017-12-08 17:00:00,ELEVATED,COMBINED_ACTION,575.01,86.89,15.11,488.12,41.17,77.5,"Apply a coordinated simulated HVAC, EV charging and battery action.",PENDING
2017-12-11 12:00:00,ELEVATED,HVAC_SETPOINT_ADJUSTMENT,565.97,40.52,7.16,525.45,12.39,80.0,Apply a temporary simulated HVAC setpoint adjustment.,PENDING
2017-12-11 13:00:00,HIGH,HVAC_SETPOINT_ADJUSTMENT,603.83,35.18,5.83,568.64,19.66,80.0,Apply a temporary simulated HVAC setpoint adjustment.,PENDING
2017-12-11 14:00:00,CRITICAL,HVAC_SETPOINT_ADJUSTMENT,615.66,39.44,6.41,576.22,33.44,80.0,Apply a temporary simulated HVAC setpoint adjustment.,PENDING
2017-12-11 15:00:00,CRITICAL,COMBINED_ACTION,614.66,90.49,14.72,524.17,82.49,80.0,"Apply a coordinated simulated HVAC, EV charging and battery action.",PENDING
2017-12-11 16:00:00,CRITICAL,COMBINED_ACTION,612.52,70.28,11.47,542.24,62.28,80.0,"Apply a coordinated simulated HVAC, EV charging and battery action.",PENDING
2017-12-11 17:00:00,HIGH,HVAC_SETPOINT_ADJUSTMENT,607.76,34.47,5.67,573.29,19.02,77.5,Apply a temporary simulated HVAC setpoint adjustment.,PENDING
