timestamp,event_severity,executed_action,approval_status,expected_load_without_action,expected_reduction_kw,expected_load_after_action,execution_factor,achieved_reduction_kw,observed_load_after_action,performance_ratio_percent,verification_status,needs_replanning
2017-08-11 16:00:00,ELEVATED,COMBINED_ACTION,APPROVED,550.87,71.37,479.5,0.862,61.55,489.32,86.24,SUCCESS,False
2017-08-14 15:00:00,ELEVATED,COMBINED_ACTION,APPROVED,551.23,86.42,464.81,1.035,89.46,461.77,103.52,SUCCESS,False
2017-08-14 16:00:00,ELEVATED,COMBINED_ACTION,APPROVED,563.08,74.64,488.44,0.97,72.37,490.71,96.96,SUCCESS,False
2017-08-15 15:00:00,ELEVATED,COMBINED_ACTION,APPROVED,551.12,85.27,465.84,0.93,79.27,471.85,92.96,SUCCESS,False
2017-08-15 16:00:00,ELEVATED,BATTERY_DISCHARGE,APPROVED,564.9,25.0,539.9,0.797,19.92,544.98,79.68,UNDERPERFORMED,True
2017-08-16 13:00:00,ELEVATED,COMBINED_ACTION,APPROVED,557.54,83.51,474.03,0.797,66.54,491.0,79.68,UNDERPERFORMED,True
2017-08-16 15:00:00,ELEVATED,BATTERY_DISCHARGE,APPROVED,566.84,25.0,541.84,0.767,19.19,547.65,76.74,UNDERPERFORMED,True
2017-08-16 16:00:00,HIGH,BATTERY_DISCHARGE,APPROVED,589.22,25.0,564.22,1.01,25.25,563.97,100.99,SUCCESS,False
2017-08-17 13:00:00,ELEVATED,BATTERY_DISCHARGE,APPROVED,558.7,25.0,533.7,0.93,23.26,535.44,93.03,SUCCESS,False
2017-08-17 14:00:00,ELEVATED,BATTERY_DISCHARGE,APPROVED,561.84,25.0,536.84,0.962,24.06,537.78,96.24,SUCCESS,False
2017-08-17 15:00:00,ELEVATED,BATTERY_DISCHARGE,APPROVED,572.85,25.0,547.85,0.756,18.9,553.95,75.62,UNDERPERFORMED,True
2017-08-17 16:00:00,ELEVATED,COMBINED_ACTION,APPROVED,559.21,82.4,476.81,1.041,85.78,473.43,104.1,SUCCESS,False
2017-08-17 17:00:00,ELEVATED,BATTERY_DISCHARGE,APPROVED,552.84,25.0,527.84,1.0,24.99,527.85,99.97,SUCCESS,False
2017-08-18 13:00:00,ELEVATED,BATTERY_DISCHARGE,APPROVED,551.48,25.0,526.48,0.814,20.34,531.14,81.37,SUCCESS,False
2017-08-22 16:00:00,ELEVATED,COMBINED_ACTION,APPROVED,553.23,67.65,485.58,0.805,54.43,498.8,80.45,SUCCESS,False
2017-08-24 15:00:00,ELEVATED,BATTERY_DISCHARGE,APPROVED,561.48,25.0,536.48,0.805,20.13,541.35,80.5,SUCCESS,False
2017-08-24 16:00:00,ELEVATED,BATTERY_DISCHARGE,APPROVED,555.87,25.0,530.87,0.841,21.03,534.84,84.13,SUCCESS,False
2017-08-29 11:00:00,ELEVATED,BATTERY_DISCHARGE,APPROVED,552.31,25.0,527.31,0.907,22.69,529.62,90.74,SUCCESS,False
2017-08-29 13:00:00,ELEVATED,COMBINED_ACTION,APPROVED,576.12,65.38,510.74,0.88,57.51,518.61,87.96,SUCCESS,False
2017-08-29 15:00:00,ELEVATED,BATTERY_DISCHARGE,APPROVED,562.75,25.0,537.75,0.837,20.93,541.82,83.74,SUCCESS,False
2017-08-31 16:00:00,ELEVATED,COMBINED_ACTION,APPROVED,560.49,88.88,471.61,0.934,82.97,477.52,93.36,SUCCESS,False
2017-09-01 15:00:00,ELEVATED,BATTERY_DISCHARGE,APPROVED,564.38,25.0,539.38,0.792,19.8,544.58,79.18,UNDERPERFORMED,True
2017-09-01 16:00:00,ELEVATED,COMBINED_ACTION,APPROVED,569.92,85.85,484.07,0.838,71.91,498.01,83.76,SUCCESS,False
2017-09-05 16:00:00,ELEVATED,COMBINED_ACTION,APPROVED,562.14,67.02,495.12,0.86,57.63,504.51,85.99,SUCCESS,False
2017-09-06 14:00:00,ELEVATED,COMBINED_ACTION,APPROVED,553.91,72.47,481.44,0.887,64.27,489.64,88.68,SUCCESS,False
2017-09-06 16:00:00,ELEVATED,COMBINED_ACTION,APPROVED,562.0,75.62,486.38,0.986,74.53,487.47,98.56,SUCCESS,False
2017-09-12 15:00:00,ELEVATED,COMBINED_ACTION,APPROVED,577.82,73.28,504.54,0.81,59.35,518.47,80.99,SUCCESS,False
2017-09-12 16:00:00,ELEVATED,COMBINED_ACTION,APPROVED,575.97,62.84,513.13,0.904,56.82,519.15,90.43,SUCCESS,False
2017-09-13 13:00:00,ELEVATED,BATTERY_DISCHARGE,APPROVED,564.43,25.0,539.43,0.928,23.19,541.24,92.77,SUCCESS,False
2017-09-13 15:00:00,ELEVATED,COMBINED_ACTION,APPROVED,553.14,62.09,491.06,0.764,47.43,505.71,76.39,UNDERPERFORMED,True
2017-09-14 14:00:00,ELEVATED,BATTERY_DISCHARGE,APPROVED,556.5,25.0,531.5,0.932,23.31,533.19,93.23,SUCCESS,False
2017-09-14 15:00:00,ELEVATED,BATTERY_DISCHARGE,APPROVED,568.93,25.0,543.93,0.801,20.03,548.9,80.12,SUCCESS,False
2017-09-14 16:00:00,ELEVATED,BATTERY_DISCHARGE,APPROVED,567.53,25.0,542.53,0.77,19.24,548.29,76.95,UNDERPERFORMED,True
2017-09-15 14:00:00,ELEVATED,COMBINED_ACTION,APPROVED,567.03,73.38,493.65,1.035,75.92,491.11,103.47,SUCCESS,False
2017-09-15 15:00:00,ELEVATED,BATTERY_DISCHARGE,APPROVED,562.83,25.0,537.83,1.04,25.99,536.84,103.97,SUCCESS,False
2017-09-15 16:00:00,ELEVATED,COMBINED_ACTION,APPROVED,559.18,74.33,484.85,0.993,73.77,485.41,99.25,SUCCESS,False
2017-09-18 17:00:00,ELEVATED,BATTERY_DISCHARGE,APPROVED,561.55,25.0,536.55,0.841,21.03,540.52,84.14,SUCCESS,False
2017-09-19 15:00:00,ELEVATED,BATTERY_DISCHARGE,APPROVED,554.2,25.0,529.2,0.779,19.48,534.72,77.93,UNDERPERFORMED,True
2017-09-22 13:00:00,ELEVATED,COMBINED_ACTION,APPROVED,558.62,57.37,501.24,0.955,54.8,503.82,95.53,SUCCESS,False
2017-09-26 16:00:00,ELEVATED,COMBINED_ACTION,APPROVED,561.32,67.68,493.64,0.882,59.7,501.62,88.2,SUCCESS,False
2017-09-27 15:00:00,ELEVATED,COMBINED_ACTION,APPROVED,550.87,85.03,465.84,0.787,66.89,483.98,78.66,UNDERPERFORMED,True
2017-09-27 16:00:00,ELEVATED,COMBINED_ACTION,APPROVED,555.51,71.28,484.23,0.899,64.05,491.46,89.86,SUCCESS,False
2017-09-28 13:00:00,ELEVATED,BATTERY_DISCHARGE,APPROVED,553.03,25.0,528.03,0.76,19.01,534.02,76.03,UNDERPERFORMED,True
2017-09-28 14:00:00,ELEVATED,BATTERY_DISCHARGE,APPROVED,562.93,25.0,537.93,1.023,25.57,537.36,102.28,SUCCESS,False
2017-10-02 12:00:00,ELEVATED,BATTERY_DISCHARGE,APPROVED,553.24,25.0,528.24,0.828,20.69,532.55,82.76,SUCCESS,False
2017-10-02 13:00:00,HIGH,COMBINED_ACTION,APPROVED,594.81,72.9,521.92,0.949,69.16,525.65,94.88,SUCCESS,False
2017-10-02 14:00:00,HIGH,BATTERY_DISCHARGE,APPROVED,601.8,25.0,576.8,0.844,21.09,580.71,84.35,SUCCESS,False
2017-10-02 15:00:00,HIGH,BATTERY_DISCHARGE,APPROVED,596.09,25.0,571.09,0.906,22.65,573.44,90.6,SUCCESS,False
2017-10-02 16:00:00,HIGH,COMBINED_ACTION,APPROVED,599.96,72.85,527.12,0.914,66.59,533.37,91.4,SUCCESS,False
2017-10-02 17:00:00,HIGH,BATTERY_DISCHARGE,APPROVED,589.55,25.0,564.55,0.805,20.14,569.41,80.55,SUCCESS,False
2017-10-03 11:00:00,ELEVATED,BATTERY_DISCHARGE,APPROVED,564.48,25.0,539.48,1.041,26.02,538.46,104.09,SUCCESS,False
2017-10-03 12:00:00,HIGH,BATTERY_DISCHARGE,APPROVED,609.67,25.0,584.67,0.983,24.56,585.11,98.25,SUCCESS,False
2017-10-03 13:00:00,HIGH,COMBINED_ACTION,APPROVED,591.8,65.64,526.16,1.032,67.73,524.07,103.18,SUCCESS,False
2017-10-03 14:00:00,HIGH,COMBINED_ACTION,APPROVED,604.04,69.7,534.34,1.018,70.99,533.05,101.84,SUCCESS,False
2017-10-03 15:00:00,HIGH,COMBINED_ACTION,APPROVED,598.22,73.6,524.63,0.929,68.4,529.82,92.94,SUCCESS,False
2017-10-03 16:00:00,HIGH,COMBINED_ACTION,APPROVED,599.59,61.72,537.87,1.027,63.36,536.23,102.66,SUCCESS,False
2017-10-03 17:00:00,ELEVATED,COMBINED_ACTION,APPROVED,564.55,74.08,490.47,0.777,57.53,507.02,77.65,UNDERPERFORMED,True
2017-10-04 12:00:00,ELEVATED,COMBINED_ACTION,APPROVED,554.09,71.91,482.18,0.809,58.16,495.93,80.88,SUCCESS,False
2017-10-04 13:00:00,CRITICAL,COMBINED_ACTION,APPROVED,618.7,78.05,540.64,0.764,59.6,559.1,76.36,UNDERPERFORMED,True
2017-10-04 14:00:00,HIGH,BATTERY_DISCHARGE,APPROVED,596.26,25.0,571.26,0.848,21.19,575.07,84.76,SUCCESS,False
2017-10-04 15:00:00,ELEVATED,BATTERY_DISCHARGE,APPROVED,575.76,25.0,550.76,0.867,21.67,554.09,86.66,SUCCESS,False
2017-10-04 16:00:00,ELEVATED,BATTERY_DISCHARGE,APPROVED,576.29,25.0,551.29,0.831,20.79,555.5,83.14,SUCCESS,False
2017-10-04 17:00:00,ELEVATED,BATTERY_DISCHARGE,APPROVED,553.58,25.0,528.58,0.999,24.97,528.61,99.86,SUCCESS,False
2017-10-05 12:00:00,ELEVATED,BATTERY_DISCHARGE,APPROVED,565.24,25.0,540.24,0.857,21.43,543.81,85.7,SUCCESS,False
2017-10-05 13:00:00,HIGH,BATTERY_DISCHARGE,APPROVED,597.91,25.0,572.91,0.834,20.86,577.05,83.43,SUCCESS,False
2017-10-05 14:00:00,HIGH,COMBINED_ACTION,APPROVED,592.46,67.39,525.07,0.913,61.51,530.95,91.28,SUCCESS,False
2017-10-05 15:00:00,HIGH,COMBINED_ACTION,APPROVED,595.36,83.57,511.79,0.792,66.21,529.15,79.23,UNDERPERFORMED,True
2017-10-05 16:00:00,HIGH,COMBINED_ACTION,APPROVED,609.35,72.18,537.18,0.991,71.51,537.84,99.07,SUCCESS,False
2017-10-05 17:00:00,ELEVATED,BATTERY_DISCHARGE,APPROVED,563.44,25.0,538.44,0.772,19.31,544.13,77.24,UNDERPERFORMED,True
2017-10-06 13:00:00,ELEVATED,COMBINED_ACTION,APPROVED,569.27,91.5,477.77,1.046,95.72,473.55,104.61,SUCCESS,False
2017-10-06 14:00:00,ELEVATED,COMBINED_ACTION,APPROVED,566.37,63.15,503.23,0.982,61.99,504.38,98.17,SUCCESS,False
2017-10-06 15:00:00,ELEVATED,COMBINED_ACTION,APPROVED,572.74,77.72,495.02,0.81,62.92,509.82,80.96,SUCCESS,False
2017-10-06 16:00:00,ELEVATED,BATTERY_DISCHARGE,APPROVED,573.59,25.0,548.59,0.752,18.79,554.8,75.17,UNDERPERFORMED,True
2017-10-10 12:00:00,ELEVATED,COMBINED_ACTION,APPROVED,555.36,74.83,480.53,0.995,74.43,480.93,99.46,SUCCESS,False
2017-10-10 13:00:00,ELEVATED,BATTERY_DISCHARGE,APPROVED,559.51,25.0,534.51,0.962,24.05,535.46,96.21,SUCCESS,False
2017-10-10 14:00:00,ELEVATED,BATTERY_DISCHARGE,APPROVED,569.44,25.0,544.44,0.969,24.22,545.22,96.87,SUCCESS,False
2017-10-10 15:00:00,ELEVATED,BATTERY_DISCHARGE,APPROVED,557.77,25.0,532.77,0.981,24.53,533.24,98.14,SUCCESS,False
2017-10-10 16:00:00,ELEVATED,BATTERY_DISCHARGE,APPROVED,569.49,25.0,544.49,0.772,19.31,550.18,77.22,UNDERPERFORMED,True
2017-10-11 12:00:00,ELEVATED,COMBINED_ACTION,APPROVED,551.13,60.79,490.34,0.858,52.13,499.0,85.75,SUCCESS,False
2017-10-11 13:00:00,ELEVATED,COMBINED_ACTION,APPROVED,572.29,69.75,502.54,0.785,54.74,517.55,78.48,UNDERPERFORMED,True
2017-10-11 14:00:00,ELEVATED,COMBINED_ACTION,APPROVED,574.25,82.32,491.93,1.009,83.06,491.19,100.89,SUCCESS,False
2017-10-11 15:00:00,ELEVATED,COMBINED_ACTION,APPROVED,563.62,78.62,485.0,0.937,73.67,489.95,93.7,SUCCESS,False
2017-10-11 16:00:00,ELEVATED,COMBINED_ACTION,APPROVED,553.73,89.86,463.87,0.849,76.32,477.41,84.93,SUCCESS,False
2017-10-12 11:00:00,ELEVATED,COMBINED_ACTION,APPROVED,566.21,70.54,495.66,0.769,54.25,511.96,76.91,UNDERPERFORMED,True
2017-10-12 12:00:00,ELEVATED,BATTERY_DISCHARGE,APPROVED,575.04,25.0,550.04,0.843,21.08,553.96,84.33,SUCCESS,False
2017-10-12 13:00:00,ELEVATED,BATTERY_DISCHARGE,APPROVED,570.91,25.0,545.91,0.848,21.19,549.72,84.76,SUCCESS,False
2017-10-12 14:00:00,HIGH,COMBINED_ACTION,APPROVED,585.02,75.5,509.51,0.969,73.15,511.87,96.89,SUCCESS,False
2017-10-12 15:00:00,HIGH,BATTERY_DISCHARGE,APPROVED,588.21,25.0,563.21,0.941,23.53,564.68,94.13,SUCCESS,False
2017-10-12 16:00:00,CRITICAL,BATTERY_DISCHARGE,APPROVED,620.11,25.0,595.11,1.016,25.4,594.71,101.62,SUCCESS,False
2017-10-12 17:00:00,HIGH,BATTERY_DISCHARGE,APPROVED,600.74,25.0,575.74,0.892,22.29,578.45,89.17,SUCCESS,False
2017-10-13 11:00:00,ELEVATED,BATTERY_DISCHARGE,APPROVED,552.02,25.0,527.02,0.786,19.65,532.37,78.59,UNDERPERFORMED,True
2017-10-13 12:00:00,HIGH,BATTERY_DISCHARGE,APPROVED,584.84,25.0,559.84,0.964,24.1,560.74,96.4,SUCCESS,False
2017-10-13 13:00:00,HIGH,BATTERY_DISCHARGE,APPROVED,594.34,25.0,569.34,0.978,24.46,569.88,97.82,SUCCESS,False
2017-10-13 14:00:00,HIGH,BATTERY_DISCHARGE,APPROVED,606.54,25.0,581.54,0.918,22.96,583.58,91.84,SUCCESS,False
2017-10-13 15:00:00,ELEVATED,BATTERY_DISCHARGE,APPROVED,580.45,25.0,555.45,0.981,24.53,555.92,98.13,SUCCESS,False
2017-10-13 16:00:00,ELEVATED,COMBINED_ACTION,APPROVED,578.03,61.87,516.17,0.898,55.57,522.46,89.81,SUCCESS,False
2017-10-16 11:00:00,ELEVATED,COMBINED_ACTION,APPROVED,559.94,77.2,482.74,0.907,70.01,489.93,90.68,SUCCESS,False
2017-10-16 12:00:00,ELEVATED,COMBINED_ACTION,APPROVED,580.51,54.11,526.4,0.878,47.52,532.99,87.83,SUCCESS,False
2017-10-16 13:00:00,CRITICAL,BATTERY_DISCHARGE,APPROVED,637.95,25.0,612.95,0.758,18.94,619.01,75.76,UNDERPERFORMED,True
2017-10-16 14:00:00,CRITICAL,BATTERY_DISCHARGE,APPROVED,613.99,25.0,588.99,0.782,19.56,594.43,78.24,UNDERPERFORMED,True
2017-10-16 15:00:00,HIGH,COMBINED_ACTION,APPROVED,592.91,54.28,538.63,0.759,41.22,551.69,75.94,UNDERPERFORMED,True
2017-10-16 16:00:00,HIGH,BATTERY_DISCHARGE,APPROVED,600.16,25.0,575.16,0.941,23.52,576.64,94.09,SUCCESS,False
2017-10-17 11:00:00,ELEVATED,BATTERY_DISCHARGE,APPROVED,578.06,25.0,553.06,0.844,21.11,556.95,84.43,SUCCESS,False
2017-10-17 12:00:00,ELEVATED,COMBINED_ACTION,APPROVED,570.91,96.3,474.61,0.903,86.92,483.99,90.26,SUCCESS,False
2017-10-17 13:00:00,HIGH,COMBINED_ACTION,APPROVED,587.09,89.8,497.29,1.022,91.8,495.29,102.23,SUCCESS,False
2017-10-17 14:00:00,HIGH,COMBINED_ACTION,APPROVED,591.64,94.6,497.04,0.825,78.02,513.62,82.48,SUCCESS,False
2017-10-17 15:00:00,HIGH,COMBINED_ACTION,APPROVED,587.09,67.29,519.8,0.873,58.75,528.34,87.31,SUCCESS,False
2017-10-17 16:00:00,HIGH,COMBINED_ACTION,APPROVED,586.77,66.67,520.1,0.977,65.11,521.66,97.67,SUCCESS,False
2017-10-17 17:00:00,ELEVATED,BATTERY_DISCHARGE,APPROVED,576.86,25.0,551.86,0.819,20.47,556.39,81.86,SUCCESS,False
2017-10-18 11:00:00,ELEVATED,BATTERY_DISCHARGE,APPROVED,554.12,25.0,529.12,0.773,19.33,534.79,77.31,UNDERPERFORMED,True
2017-10-18 12:00:00,ELEVATED,BATTERY_DISCHARGE,APPROVED,562.36,25.0,537.36,0.837,20.92,541.44,83.69,SUCCESS,False
2017-10-18 13:00:00,ELEVATED,COMBINED_ACTION,APPROVED,571.93,92.11,479.81,0.798,73.54,498.39,79.84,UNDERPERFORMED,True
2017-10-18 14:00:00,ELEVATED,COMBINED_ACTION,APPROVED,573.44,85.32,488.12,1.029,87.79,485.65,102.89,SUCCESS,False
2017-10-18 15:00:00,ELEVATED,BATTERY_DISCHARGE,APPROVED,572.69,25.0,547.69,0.992,24.81,547.88,99.24,SUCCESS,False
2017-10-18 16:00:00,HIGH,BATTERY_DISCHARGE,APPROVED,582.67,25.0,557.67,0.94,23.5,559.17,94.0,SUCCESS,False
2017-10-19 11:00:00,ELEVATED,BATTERY_DISCHARGE,APPROVED,555.54,25.0,530.54,1.011,25.29,530.25,101.14,SUCCESS,False
2017-10-19 12:00:00,ELEVATED,COMBINED_ACTION,APPROVED,567.23,72.43,494.8,0.991,71.79,495.44,99.11,SUCCESS,False
2017-10-19 13:00:00,HIGH,BATTERY_DISCHARGE,APPROVED,592.9,25.0,567.9,0.806,20.15,572.75,80.6,SUCCESS,False
2017-10-19 14:00:00,ELEVATED,BATTERY_DISCHARGE,APPROVED,577.36,25.0,552.36,1.018,25.44,551.92,101.78,SUCCESS,False
2017-10-19 15:00:00,ELEVATED,BATTERY_DISCHARGE,APPROVED,568.1,25.0,543.1,0.912,22.8,545.3,91.18,SUCCESS,False
2017-10-19 16:00:00,HIGH,COMBINED_ACTION,APPROVED,599.7,59.53,540.17,0.992,59.07,540.63,99.22,SUCCESS,False
2017-10-19 17:00:00,ELEVATED,COMBINED_ACTION,APPROVED,563.72,59.35,504.37,1.019,60.47,503.25,101.88,SUCCESS,False
2017-10-20 12:00:00,ELEVATED,BATTERY_DISCHARGE,APPROVED,580.43,25.0,555.43,0.845,21.14,559.29,84.54,SUCCESS,False
2017-10-20 13:00:00,ELEVATED,COMBINED_ACTION,APPROVED,573.78,82.87,490.91,0.783,64.89,508.89,78.3,UNDERPERFORMED,True
2017-10-20 14:00:00,HIGH,COMBINED_ACTION,APPROVED,584.63,58.8,525.83,0.818,48.12,536.51,81.84,SUCCESS,False
2017-10-20 15:00:00,ELEVATED,COMBINED_ACTION,APPROVED,575.35,70.52,504.83,0.878,61.93,513.42,87.81,SUCCESS,False
2017-10-20 16:00:00,HIGH,BATTERY_DISCHARGE,APPROVED,596.02,25.0,571.02,0.995,24.89,571.13,99.54,SUCCESS,False
2017-10-23 12:00:00,HIGH,BATTERY_DISCHARGE,APPROVED,586.59,25.0,561.59,1.008,25.21,561.38,100.82,SUCCESS,False
2017-10-23 13:00:00,ELEVATED,BATTERY_DISCHARGE,APPROVED,567.13,25.0,542.13,0.752,18.8,548.33,75.21,UNDERPERFORMED,True
2017-10-23 14:00:00,ELEVATED,COMBINED_ACTION,APPROVED,560.41,88.41,472.0,0.903,79.85,480.56,90.32,SUCCESS,False
2017-10-23 15:00:00,ELEVATED,COMBINED_ACTION,APPROVED,569.91,89.55,480.37,0.875,78.38,491.53,87.52,SUCCESS,False
2017-10-23 16:00:00,ELEVATED,BATTERY_DISCHARGE,APPROVED,570.18,25.0,545.18,0.817,20.42,549.76,81.66,SUCCESS,False
2017-10-23 17:00:00,ELEVATED,BATTERY_DISCHARGE,APPROVED,578.8,25.0,553.8,0.786,19.65,559.15,78.6,UNDERPERFORMED,True
2017-10-24 12:00:00,ELEVATED,BATTERY_DISCHARGE,APPROVED,560.43,25.0,535.43,0.851,21.28,539.15,85.13,SUCCESS,False
2017-10-24 13:00:00,ELEVATED,BATTERY_DISCHARGE,APPROVED,576.16,25.0,551.16,1.033,25.82,550.34,103.29,SUCCESS,False
2017-10-24 14:00:00,HIGH,BATTERY_DISCHARGE,APPROVED,584.91,25.0,559.91,0.847,21.17,563.74,84.7,SUCCESS,False
2017-10-24 15:00:00,HIGH,BATTERY_DISCHARGE,APPROVED,587.39,25.0,562.39,0.906,22.64,564.75,90.56,SUCCESS,False
2017-10-24 16:00:00,HIGH,BATTERY_DISCHARGE,APPROVED,594.69,25.0,569.69,0.961,24.02,570.67,96.09,SUCCESS,False
2017-10-24 17:00:00,HIGH,BATTERY_DISCHARGE,APPROVED,588.77,25.0,563.77,0.859,21.48,567.29,85.91,SUCCESS,False
2017-10-25 11:00:00,ELEVATED,COMBINED_ACTION,APPROVED,551.89,88.99,462.9,1.042,92.69,459.2,104.15,SUCCESS,False
2017-10-25 12:00:00,ELEVATED,COMBINED_ACTION,APPROVED,561.2,75.32,485.88,1.039,78.24,482.96,103.87,SUCCESS,False
2017-10-25 13:00:00,ELEVATED,BATTERY_DISCHARGE,APPROVED,577.28,25.0,552.28,0.826,20.64,556.64,82.55,SUCCESS,False
2017-10-25 14:00:00,HIGH,COMBINED_ACTION,APPROVED,594.8,80.88,513.92,0.899,72.73,522.07,89.92,SUCCESS,False
2017-10-25 15:00:00,HIGH,BATTERY_DISCHARGE,APPROVED,600.31,25.0,575.31,0.84,21.01,579.3,84.03,SUCCESS,False
2017-10-25 16:00:00,HIGH,COMBINED_ACTION,APPROVED,598.52,63.59,534.93,0.835,53.13,545.39,83.55,SUCCESS,False
2017-10-25 17:00:00,HIGH,BATTERY_DISCHARGE,APPROVED,600.92,25.0,575.92,0.761,19.03,581.89,76.11,UNDERPERFORMED,True
2017-10-26 11:00:00,ELEVATED,BATTERY_DISCHARGE,APPROVED,558.04,25.0,533.04,0.933,23.32,534.72,93.29,SUCCESS,False
2017-10-26 12:00:00,ELEVATED,BATTERY_DISCHARGE,APPROVED,558.8,25.0,533.8,0.901,22.52,536.28,90.08,SUCCESS,False
2017-10-26 13:00:00,ELEVATED,BATTERY_DISCHARGE,APPROVED,579.56,25.0,554.56,0.765,19.14,560.42,76.54,UNDERPERFORMED,True
2017-10-26 14:00:00,ELEVATED,BATTERY_DISCHARGE,APPROVED,574.51,25.0,549.51,0.834,20.84,553.67,83.36,SUCCESS,False
2017-10-26 15:00:00,HIGH,BATTERY_DISCHARGE,APPROVED,581.46,25.0,556.46,1.022,25.56,555.9,102.25,SUCCESS,False
2017-10-26 16:00:00,HIGH,COMBINED_ACTION,APPROVED,599.52,67.02,532.51,0.822,55.08,544.44,82.19,SUCCESS,False
2017-10-26 17:00:00,ELEVATED,COMBINED_ACTION,APPROVED,579.15,81.2,497.95,0.793,64.43,514.72,79.35,UNDERPERFORMED,True
2017-10-27 12:00:00,ELEVATED,COMBINED_ACTION,APPROVED,574.47,94.41,480.06,0.897,84.67,489.8,89.68,SUCCESS,False
2017-10-27 13:00:00,ELEVATED,COMBINED_ACTION,APPROVED,575.43,63.9,511.52,1.046,66.82,508.61,104.57,SUCCESS,False
2017-10-27 14:00:00,ELEVATED,BATTERY_DISCHARGE,APPROVED,578.77,25.0,553.77,0.823,20.57,558.2,82.26,SUCCESS,False
2017-10-27 15:00:00,HIGH,COMBINED_ACTION,APPROVED,595.95,64.46,531.5,0.952,61.34,534.61,95.16,SUCCESS,False
2017-10-27 16:00:00,ELEVATED,COMBINED_ACTION,APPROVED,572.64,76.78,495.86,0.978,75.13,497.51,97.85,SUCCESS,False
2017-10-30 13:00:00,HIGH,COMBINED_ACTION,APPROVED,588.63,69.63,519.0,0.821,57.19,531.44,82.13,SUCCESS,False
2017-10-30 14:00:00,HIGH,COMBINED_ACTION,APPROVED,586.65,74.44,512.22,0.968,72.09,514.56,96.85,SUCCESS,False
2017-10-30 15:00:00,HIGH,BATTERY_DISCHARGE,APPROVED,597.98,25.0,572.98,0.86,21.51,576.47,86.03,SUCCESS,False
2017-10-30 16:00:00,CRITICAL,COMBINED_ACTION,APPROVED,625.85,89.56,536.3,0.94,84.16,541.69,93.97,SUCCESS,False
2017-10-30 17:00:00,ELEVATED,BATTERY_DISCHARGE,APPROVED,562.74,25.0,537.74,0.94,23.5,539.24,94.01,SUCCESS,False
2017-10-31 13:00:00,ELEVATED,COMBINED_ACTION,APPROVED,553.39,63.37,490.03,0.911,57.71,495.68,91.07,SUCCESS,False
2017-10-31 14:00:00,HIGH,BATTERY_DISCHARGE,APPROVED,603.03,25.0,578.03,0.777,19.43,583.6,77.71,UNDERPERFORMED,True
2017-10-31 15:00:00,HIGH,COMBINED_ACTION,APPROVED,599.92,69.87,530.05,1.001,69.91,530.01,100.06,SUCCESS,False
2017-10-31 16:00:00,HIGH,COMBINED_ACTION,APPROVED,582.87,93.13,489.74,0.846,78.81,504.06,84.62,SUCCESS,False
2017-10-31 17:00:00,ELEVATED,BATTERY_DISCHARGE,APPROVED,560.37,25.0,535.37,0.806,20.15,540.22,80.6,SUCCESS,False
2017-11-01 11:00:00,ELEVATED,BATTERY_DISCHARGE,APPROVED,554.13,25.0,529.13,0.762,19.06,535.07,76.22,UNDERPERFORMED,True
2017-11-01 12:00:00,ELEVATED,COMBINED_ACTION,APPROVED,572.19,91.02,481.17,0.927,84.4,487.79,92.73,SUCCESS,False
2017-11-01 13:00:00,HIGH,BATTERY_DISCHARGE,APPROVED,590.56,25.0,565.56,0.953,23.83,566.73,95.33,SUCCESS,False
2017-11-01 14:00:00,HIGH,BATTERY_DISCHARGE,APPROVED,599.27,25.0,574.27,0.755,18.87,580.4,75.5,UNDERPERFORMED,True
2017-11-01 15:00:00,HIGH,COMBINED_ACTION,APPROVED,608.87,96.32,512.55,0.904,87.04,521.83,90.36,SUCCESS,False
2017-11-01 16:00:00,HIGH,COMBINED_ACTION,APPROVED,603.95,96.01,507.94,0.818,78.53,525.42,81.79,SUCCESS,False
2017-11-01 17:00:00,ELEVATED,COMBINED_ACTION,APPROVED,570.19,58.81,511.38,0.944,55.49,514.7,94.36,SUCCESS,False
2017-11-02 11:00:00,ELEVATED,BATTERY_DISCHARGE,APPROVED,574.66,25.0,549.66,0.802,20.06,554.6,80.23,SUCCESS,False
2017-11-02 12:00:00,HIGH,COMBINED_ACTION,APPROVED,604.24,93.33,510.91,0.957,89.34,514.9,95.73,SUCCESS,False
2017-11-02 13:00:00,HIGH,COMBINED_ACTION,APPROVED,583.09,69.27,513.82,0.866,59.99,523.1,86.6,SUCCESS,False
2017-11-02 14:00:00,HIGH,BATTERY_DISCHARGE,APPROVED,600.87,25.0,575.87,1.031,25.78,575.09,103.1,SUCCESS,False
2017-11-02 15:00:00,HIGH,COMBINED_ACTION,APPROVED,594.79,86.99,507.8,0.791,68.83,525.96,79.13,UNDERPERFORMED,True
2017-11-02 16:00:00,HIGH,HVAC_SETPOINT_ADJUSTMENT,APPROVED,598.4,30.05,568.35,0.852,25.61,572.79,85.23,SUCCESS,False
2017-11-02 17:00:00,ELEVATED,BATTERY_DISCHARGE,APPROVED,571.78,25.0,546.78,0.784,19.6,552.18,78.4,UNDERPERFORMED,True
2017-11-03 11:00:00,ELEVATED,BATTERY_DISCHARGE,APPROVED,575.89,25.0,550.89,1.027,25.69,550.2,102.74,SUCCESS,False
2017-11-03 12:00:00,HIGH,COMBINED_ACTION,APPROVED,585.41,72.14,513.27,1.013,73.09,512.32,101.32,SUCCESS,False
2017-11-03 13:00:00,HIGH,COMBINED_ACTION,APPROVED,602.1,73.0,529.09,0.827,60.4,541.7,82.74,SUCCESS,False
2017-11-03 14:00:00,HIGH,COMBINED_ACTION,APPROVED,601.66,92.07,509.59,0.948,87.28,514.38,94.8,SUCCESS,False
2017-11-03 15:00:00,CRITICAL,BATTERY_DISCHARGE,APPROVED,612.56,25.0,587.56,0.995,24.88,587.68,99.52,SUCCESS,False
2017-11-03 16:00:00,HIGH,BATTERY_DISCHARGE,APPROVED,605.63,25.0,580.63,0.917,22.91,582.72,91.66,SUCCESS,False
2017-11-06 12:00:00,ELEVATED,COMBINED_ACTION,APPROVED,566.05,85.84,480.21,0.909,78.02,488.03,90.89,SUCCESS,False
2017-11-06 13:00:00,HIGH,HVAC_SETPOINT_ADJUSTMENT,APPROVED,592.16,31.39,560.77,0.823,25.82,566.34,82.26,SUCCESS,False
2017-11-06 14:00:00,ELEVATED,BATTERY_DISCHARGE,APPROVED,569.82,25.0,544.82,0.778,19.45,550.37,77.79,UNDERPERFORMED,True
2017-11-06 15:00:00,ELEVATED,COMBINED_ACTION,APPROVED,577.95,76.86,501.09,1.019,78.33,499.62,101.92,SUCCESS,False
2017-11-06 16:00:00,CRITICAL,HVAC_SETPOINT_ADJUSTMENT,APPROVED,618.79,27.74,591.05,1.02,28.3,590.49,102.01,SUCCESS,False
2017-11-06 17:00:00,ELEVATED,BATTERY_DISCHARGE,APPROVED,557.23,25.0,532.23,0.94,23.5,533.73,93.99,SUCCESS,False
2017-11-07 12:00:00,ELEVATED,COMBINED_ACTION,APPROVED,566.16,84.08,482.08,0.852,71.61,494.55,85.17,SUCCESS,False
2017-11-07 13:00:00,ELEVATED,COMBINED_ACTION,APPROVED,578.74,79.46,499.27,0.855,67.92,510.82,85.48,SUCCESS,False
2017-11-07 14:00:00,HIGH,HVAC_SETPOINT_ADJUSTMENT,APPROVED,598.41,32.29,566.12,0.968,31.25,567.16,96.78,SUCCESS,False
2017-11-07 15:00:00,ELEVATED,BATTERY_DISCHARGE,APPROVED,579.35,25.0,554.35,1.019,25.48,553.87,101.91,SUCCESS,False
2017-11-07 16:00:00,HIGH,COMBINED_ACTION,APPROVED,602.24,70.24,532.0,1.016,71.37,530.87,101.61,SUCCESS,False
2017-11-07 17:00:00,ELEVATED,COMBINED_ACTION,APPROVED,565.43,73.78,491.65,0.984,72.6,492.83,98.4,SUCCESS,False
2017-11-08 12:00:00,ELEVATED,HVAC_SETPOINT_ADJUSTMENT,APPROVED,564.21,33.68,530.53,0.943,31.75,532.46,94.26,SUCCESS,False
2017-11-08 13:00:00,HIGH,HVAC_SETPOINT_ADJUSTMENT,APPROVED,585.94,32.07,553.87,0.775,24.86,561.08,77.52,UNDERPERFORMED,True
2017-11-08 14:00:00,ELEVATED,COMBINED_ACTION,APPROVED,578.68,100.18,478.5,0.798,79.99,498.69,79.85,UNDERPERFORMED,True
2017-11-08 15:00:00,HIGH,COMBINED_ACTION,APPROVED,588.22,62.28,525.94,1.02,63.5,524.72,101.96,SUCCESS,False
2017-11-08 16:00:00,HIGH,HVAC_SETPOINT_ADJUSTMENT,APPROVED,585.36,32.07,553.29,0.932,29.89,555.47,93.19,SUCCESS,False
2017-11-08 17:00:00,ELEVATED,BATTERY_DISCHARGE,APPROVED,563.66,25.0,538.66,0.753,18.82,544.84,75.28,UNDERPERFORMED,True
2017-11-09 12:00:00,ELEVATED,COMBINED_ACTION,APPROVED,563.56,91.2,472.36,0.78,71.18,492.38,78.04,UNDERPERFORMED,True
2017-11-09 13:00:00,ELEVATED,BATTERY_DISCHARGE,APPROVED,579.28,25.0,554.28,0.949,23.73,555.55,94.91,SUCCESS,False
2017-11-09 14:00:00,HIGH,HVAC_SETPOINT_ADJUSTMENT,APPROVED,583.47,30.42,553.05,0.752,22.86,560.61,75.15,UNDERPERFORMED,True
2017-11-09 15:00:00,HIGH,BATTERY_DISCHARGE,APPROVED,595.63,25.0,570.63,0.798,19.96,575.67,79.82,UNDERPERFORMED,True
2017-11-09 16:00:00,HIGH,COMBINED_ACTION,APPROVED,583.02,72.53,510.5,0.915,66.34,516.68,91.46,SUCCESS,False
2017-11-09 17:00:00,ELEVATED,BATTERY_DISCHARGE,APPROVED,560.1,25.0,535.1,0.958,23.94,536.16,95.76,SUCCESS,False
2017-11-10 12:00:00,ELEVATED,BATTERY_DISCHARGE,APPROVED,574.65,25.0,549.65,0.946,23.64,551.01,94.56,SUCCESS,False
2017-11-10 13:00:00,ELEVATED,COMBINED_ACTION,APPROVED,576.82,90.42,486.4,0.817,73.9,502.92,81.73,SUCCESS,False
2017-11-10 14:00:00,ELEVATED,COMBINED_ACTION,APPROVED,560.56,88.23,472.32,0.964,85.02,475.54,96.37,SUCCESS,False
2017-11-10 15:00:00,ELEVATED,BATTERY_DISCHARGE,APPROVED,563.84,25.0,538.84,0.821,20.53,543.31,82.12,SUCCESS,False
2017-11-10 16:00:00,ELEVATED,COMBINED_ACTION,APPROVED,561.45,94.32,467.13,0.848,79.95,481.5,84.76,SUCCESS,False
2017-11-13 12:00:00,ELEVATED,HVAC_SETPOINT_ADJUSTMENT,APPROVED,574.92,33.54,541.39,0.974,32.67,542.25,97.39,SUCCESS,False
2017-11-13 13:00:00,ELEVATED,BATTERY_DISCHARGE,APPROVED,577.67,25.0,552.67,0.945,23.62,554.05,94.49,SUCCESS,False
2017-11-13 14:00:00,HIGH,HVAC_SETPOINT_ADJUSTMENT,APPROVED,609.22,31.62,577.59,1.005,31.77,577.45,100.48,SUCCESS,False
2017-11-13 15:00:00,HIGH,COMBINED_ACTION,APPROVED,609.42,79.5,529.92,0.947,75.31,534.11,94.73,SUCCESS,False
2017-11-13 16:00:00,HIGH,HVAC_SETPOINT_ADJUSTMENT,APPROVED,591.33,33.21,558.11,0.92,30.57,560.76,92.05,SUCCESS,False
2017-11-13 17:00:00,ELEVATED,BATTERY_DISCHARGE,APPROVED,567.89,25.0,542.89,0.778,19.45,548.44,77.81,UNDERPERFORMED,True
2017-11-14 12:00:00,ELEVATED,BATTERY_DISCHARGE,APPROVED,576.62,25.0,551.62,0.86,21.51,555.11,86.03,SUCCESS,False
2017-11-14 13:00:00,HIGH,COMBINED_ACTION,APPROVED,604.31,81.92,522.39,0.83,67.96,536.35,82.96,SUCCESS,False
2017-11-14 14:00:00,HIGH,COMBINED_ACTION,APPROVED,595.22,69.18,526.05,0.823,56.95,538.27,82.32,SUCCESS,False
2017-11-14 15:00:00,HIGH,COMBINED_ACTION,APPROVED,597.57,88.71,508.86,1.042,92.43,505.14,104.19,SUCCESS,False
2017-11-14 16:00:00,HIGH,HVAC_SETPOINT_ADJUSTMENT,APPROVED,598.65,30.39,568.26,0.868,26.38,572.27,86.79,SUCCESS,False
2017-11-14 17:00:00,ELEVATED,BATTERY_DISCHARGE,APPROVED,575.81,25.0,550.81,1.018,25.44,550.37,101.76,SUCCESS,False
2017-11-15 12:00:00,ELEVATED,BATTERY_DISCHARGE,APPROVED,577.7,25.0,552.7,0.939,23.48,554.22,93.93,SUCCESS,False
2017-11-15 13:00:00,HIGH,COMBINED_ACTION,APPROVED,591.9,60.44,531.45,0.988,59.74,532.16,98.84,SUCCESS,False
2017-11-15 14:00:00,HIGH,BATTERY_DISCHARGE,APPROVED,593.53,25.0,568.53,0.901,22.52,571.01,90.08,SUCCESS,False
2017-11-15 15:00:00,HIGH,COMBINED_ACTION,APPROVED,594.88,86.32,508.56,0.923,79.68,515.2,92.31,SUCCESS,False
2017-11-15 16:00:00,HIGH,COMBINED_ACTION,APPROVED,586.15,66.97,519.18,0.898,60.12,526.03,89.78,SUCCESS,False
2017-11-15 17:00:00,ELEVATED,COMBINED_ACTION,APPROVED,572.04,72.71,499.32,0.809,58.79,513.25,80.86,SUCCESS,False
2017-11-16 12:00:00,ELEVATED,COMBINED_ACTION,APPROVED,570.87,80.37,490.5,0.967,77.7,493.17,96.67,SUCCESS,False
2017-11-16 13:00:00,HIGH,BATTERY_DISCHARGE,APPROVED,590.8,25.0,565.8,0.834,20.86,569.94,83.42,SUCCESS,False
2017-11-16 14:00:00,CRITICAL,HVAC_SETPOINT_ADJUSTMENT,APPROVED,614.52,27.06,587.46,0.757,20.49,594.03,75.73,UNDERPERFORMED,True
2017-11-16 15:00:00,HIGH,BATTERY_DISCHARGE,APPROVED,597.91,25.0,572.91,0.944,23.59,574.32,94.36,SUCCESS,False
2017-11-16 16:00:00,HIGH,HVAC_SETPOINT_ADJUSTMENT,APPROVED,598.95,30.8,568.15,0.803,24.74,574.21,80.31,SUCCESS,False
2017-11-16 17:00:00,ELEVATED,BATTERY_DISCHARGE,APPROVED,565.31,25.0,540.31,1.032,25.8,539.51,103.21,SUCCESS,False
2017-11-17 11:00:00,ELEVATED,HVAC_SETPOINT_ADJUSTMENT,APPROVED,557.08,35.06,522.02,1.036,36.33,520.75,103.62,SUCCESS,False
2017-11-17 12:00:00,HIGH,HVAC_SETPOINT_ADJUSTMENT,APPROVED,592.58,32.61,559.98,1.024,33.41,559.17,102.45,SUCCESS,False
2017-11-17 13:00:00,HIGH,COMBINED_ACTION,APPROVED,601.94,71.85,530.09,0.861,61.87,540.07,86.1,SUCCESS,False
2017-11-17 14:00:00,HIGH,COMBINED_ACTION,APPROVED,595.85,86.82,509.03,0.755,65.52,530.33,75.46,UNDERPERFORMED,True
2017-11-17 15:00:00,HIGH,COMBINED_ACTION,APPROVED,592.6,68.56,524.04,1.028,70.51,522.09,102.85,SUCCESS,False
2017-11-17 16:00:00,CRITICAL,HVAC_SETPOINT_ADJUSTMENT,APPROVED,630.68,33.01,597.67,0.878,29.0,601.68,87.85,SUCCESS,False
2017-11-17 17:00:00,ELEVATED,HVAC_SETPOINT_ADJUSTMENT,APPROVED,573.04,33.68,539.36,1.04,35.03,538.01,104.0,SUCCESS,False
2017-11-20 11:00:00,ELEVATED,BATTERY_DISCHARGE,APPROVED,552.4,25.0,527.4,1.039,25.98,526.42,103.91,SUCCESS,False
2017-11-20 12:00:00,HIGH,BATTERY_DISCHARGE,APPROVED,582.31,25.0,557.31,1.006,25.15,557.16,100.59,SUCCESS,False
2017-11-20 13:00:00,HIGH,COMBINED_ACTION,APPROVED,589.21,70.48,518.73,0.838,59.09,530.12,83.83,SUCCESS,False
2017-11-20 14:00:00,HIGH,COMBINED_ACTION,APPROVED,604.3,85.59,518.71,0.866,74.08,530.22,86.55,SUCCESS,False
2017-11-20 15:00:00,CRITICAL,BATTERY_DISCHARGE,APPROVED,614.85,25.0,589.85,1.005,25.13,589.72,100.53,SUCCESS,False
2017-11-20 16:00:00,HIGH,BATTERY_DISCHARGE,APPROVED,599.78,25.0,574.78,0.845,21.13,578.65,84.51,SUCCESS,False
2017-11-20 17:00:00,HIGH,BATTERY_DISCHARGE,APPROVED,585.03,25.0,560.03,0.801,20.02,565.01,80.08,SUCCESS,False
2017-11-21 11:00:00,ELEVATED,COMBINED_ACTION,APPROVED,560.22,80.93,479.3,0.917,74.22,486.0,91.7,SUCCESS,False
2017-11-21 12:00:00,ELEVATED,COMBINED_ACTION,APPROVED,579.33,59.34,519.99,1.031,61.17,518.16,103.08,SUCCESS,False
2017-11-21 13:00:00,HIGH,COMBINED_ACTION,APPROVED,587.82,71.86,515.95,0.959,68.9,518.92,95.88,SUCCESS,False
2017-11-21 14:00:00,CRITICAL,COMBINED_ACTION,APPROVED,636.4,66.51,569.89,0.921,61.26,575.14,92.1,SUCCESS,False
2017-11-21 15:00:00,CRITICAL,COMBINED_ACTION,APPROVED,623.1,93.43,529.67,0.779,72.8,550.3,77.92,UNDERPERFORMED,True
2017-11-21 16:00:00,CRITICAL,COMBINED_ACTION,APPROVED,617.51,67.78,549.74,0.935,63.34,554.17,93.45,SUCCESS,False
2017-11-21 17:00:00,HIGH,COMBINED_ACTION,APPROVED,588.46,69.59,518.88,1.047,72.86,515.6,104.7,SUCCESS,False
2017-11-22 11:00:00,ELEVATED,BATTERY_DISCHARGE,APPROVED,565.05,25.0,540.05,0.792,19.8,545.25,79.2,UNDERPERFORMED,True
2017-11-22 12:00:00,HIGH,BATTERY_DISCHARGE,APPROVED,590.98,25.0,565.98,0.905,22.64,568.34,90.55,SUCCESS,False
2017-11-22 13:00:00,HIGH,COMBINED_ACTION,APPROVED,611.12,75.42,535.7,1.013,76.42,534.7,101.32,SUCCESS,False
2017-11-22 14:00:00,CRITICAL,COMBINED_ACTION,APPROVED,614.44,90.88,523.56,0.972,88.36,526.08,97.22,SUCCESS,False
2017-11-22 15:00:00,CRITICAL,COMBINED_ACTION,APPROVED,615.72,93.26,522.46,0.959,89.45,526.27,95.91,SUCCESS,False
2017-11-22 16:00:00,CRITICAL,COMBINED_ACTION,APPROVED,650.79,91.71,559.08,0.961,88.11,562.68,96.07,SUCCESS,False
2017-11-22 17:00:00,HIGH,BATTERY_DISCHARGE,APPROVED,605.27,25.0,580.27,0.858,21.45,583.82,85.78,SUCCESS,False
2017-11-23 11:00:00,ELEVATED,BATTERY_DISCHARGE,APPROVED,570.9,25.0,545.9,0.838,20.95,549.95,83.81,SUCCESS,False
2017-11-23 12:00:00,HIGH,HVAC_SETPOINT_ADJUSTMENT,APPROVED,601.07,31.45,569.63,0.993,31.22,569.85,99.28,SUCCESS,False
2017-11-23 13:00:00,CRITICAL,COMBINED_ACTION,APPROVED,612.46,80.37,532.09,0.993,79.81,532.65,99.3,SUCCESS,False
2017-11-23 14:00:00,CRITICAL,HVAC_SETPOINT_ADJUSTMENT,APPROVED,624.47,33.99,590.48,1.01,34.33,590.14,101.01,SUCCESS,False
2017-11-23 15:00:00,CRITICAL,COMBINED_ACTION,APPROVED,612.86,80.75,532.11,1.024,82.69,530.17,102.4,SUCCESS,False
2017-11-23 16:00:00,CRITICAL,COMBINED_ACTION,APPROVED,639.41,92.8,546.61,0.903,83.84,555.57,90.34,SUCCESS,False
2017-11-23 17:00:00,ELEVATED,COMBINED_ACTION,APPROVED,581.06,81.92,499.14,0.9,73.77,507.29,90.05,SUCCESS,False
2017-11-24 11:00:00,ELEVATED,COMBINED_ACTION,APPROVED,580.36,76.92,503.45,0.989,76.11,504.25,98.95,SUCCESS,False
2017-11-24 12:00:00,HIGH,COMBINED_ACTION,APPROVED,583.8,91.88,491.92,0.945,86.83,496.97,94.5,SUCCESS,False
2017-11-24 13:00:00,HIGH,HVAC_SETPOINT_ADJUSTMENT,APPROVED,603.88,33.61,570.27,0.961,32.29,571.59,96.06,SUCCESS,False
2017-11-24 14:00:00,HIGH,COMBINED_ACTION,APPROVED,599.3,80.6,518.7,0.989,79.69,519.61,98.87,SUCCESS,False
2017-11-24 15:00:00,HIGH,COMBINED_ACTION,APPROVED,583.41,77.1,506.31,1.017,78.41,505.0,101.7,SUCCESS,False
2017-11-24 16:00:00,HIGH,COMBINED_ACTION,APPROVED,583.73,91.51,492.22,0.851,77.91,505.82,85.14,SUCCESS,False
2017-11-24 17:00:00,ELEVATED,BATTERY_DISCHARGE,APPROVED,555.52,25.0,530.52,0.863,21.57,533.95,86.27,SUCCESS,False
2017-11-27 11:00:00,ELEVATED,BATTERY_DISCHARGE,APPROVED,557.12,25.0,532.12,0.778,19.45,537.67,77.82,UNDERPERFORMED,True
2017-11-27 12:00:00,HIGH,HVAC_SETPOINT_ADJUSTMENT,APPROVED,582.17,32.52,549.65,0.923,30.03,552.14,92.35,SUCCESS,False
2017-11-27 13:00:00,HIGH,COMBINED_ACTION,APPROVED,611.95,77.85,534.09,0.761,59.23,552.72,76.08,UNDERPERFORMED,True
2017-11-27 14:00:00,CRITICAL,HVAC_SETPOINT_ADJUSTMENT,APPROVED,614.1,28.26,585.85,0.89,25.14,588.96,88.97,SUCCESS,False
2017-11-27 15:00:00,HIGH,COMBINED_ACTION,APPROVED,611.31,83.49,527.81,0.913,76.21,535.1,91.28,SUCCESS,False
2017-11-27 16:00:00,CRITICAL,COMBINED_ACTION,APPROVED,613.87,70.81,543.07,0.836,59.19,554.68,83.6,SUCCESS,False
2017-11-27 17:00:00,HIGH,BATTERY_DISCHARGE,APPROVED,589.36,25.0,564.36,0.927,23.18,566.18,92.72,SUCCESS,False
2017-11-28 12:00:00,HIGH,HVAC_SETPOINT_ADJUSTMENT,APPROVED,586.84,31.04,555.8,0.759,23.56,563.28,75.92,UNDERPERFORMED,True
2017-11-28 13:00:00,CRITICAL,COMBINED_ACTION,APPROVED,620.06,77.1,542.96,0.761,58.69,561.37,76.12,UNDERPERFORMED,True
2017-11-28 14:00:00,HIGH,HVAC_SETPOINT_ADJUSTMENT,APPROVED,595.32,32.03,563.29,0.997,31.93,563.39,99.68,SUCCESS,False
2017-11-28 15:00:00,HIGH,COMBINED_ACTION,APPROVED,599.01,103.88,495.13,0.858,89.13,509.88,85.81,SUCCESS,False
2017-11-28 16:00:00,HIGH,HVAC_SETPOINT_ADJUSTMENT,APPROVED,602.57,31.84,570.73,0.788,25.09,577.48,78.81,UNDERPERFORMED,True
2017-11-28 17:00:00,ELEVATED,COMBINED_ACTION,APPROVED,560.31,70.29,490.02,0.907,63.73,496.58,90.67,SUCCESS,False
2017-11-29 12:00:00,HIGH,COMBINED_ACTION,APPROVED,588.07,83.97,504.1,0.981,82.37,505.7,98.1,SUCCESS,False
2017-11-29 13:00:00,HIGH,COMBINED_ACTION,APPROVED,593.31,99.27,494.04,0.815,80.88,512.43,81.47,SUCCESS,False
2017-11-29 14:00:00,CRITICAL,HVAC_SETPOINT_ADJUSTMENT,APPROVED,647.43,28.46,618.96,0.937,26.66,620.77,93.69,SUCCESS,False
2017-11-29 15:00:00,HIGH,HVAC_SETPOINT_ADJUSTMENT,APPROVED,604.36,35.7,568.66,0.776,27.69,576.67,77.56,UNDERPERFORMED,True
2017-11-29 16:00:00,HIGH,COMBINED_ACTION,APPROVED,609.4,81.71,527.69,0.766,62.55,546.85,76.55,UNDERPERFORMED,True
2017-11-29 17:00:00,ELEVATED,BATTERY_DISCHARGE,APPROVED,581.37,25.0,556.37,0.909,22.74,558.63,90.94,SUCCESS,False
2017-11-30 11:00:00,ELEVATED,COMBINED_ACTION,APPROVED,564.42,74.35,490.08,0.912,67.82,496.6,91.22,SUCCESS,False
2017-11-30 12:00:00,HIGH,COMBINED_ACTION,APPROVED,584.62,75.46,509.15,0.941,71.03,513.59,94.12,SUCCESS,False
2017-11-30 13:00:00,CRITICAL,HVAC_SETPOINT_ADJUSTMENT,APPROVED,630.69,37.97,592.72,0.968,36.75,593.94,96.78,SUCCESS,False
2017-11-30 14:00:00,CRITICAL,HVAC_SETPOINT_ADJUSTMENT,APPROVED,630.4,36.66,593.75,1.043,38.23,592.17,104.28,SUCCESS,False
2017-11-30 15:00:00,CRITICAL,COMBINED_ACTION,APPROVED,640.77,85.16,555.61,0.905,77.06,563.71,90.49,SUCCESS,False
2017-11-30 16:00:00,CRITICAL,HVAC_SETPOINT_ADJUSTMENT,APPROVED,637.35,38.4,598.94,0.847,32.52,604.83,84.69,SUCCESS,False
2017-11-30 17:00:00,HIGH,COMBINED_ACTION,APPROVED,611.73,82.96,528.77,0.989,82.01,529.72,98.86,SUCCESS,False
2017-12-01 11:00:00,ELEVATED,HVAC_SETPOINT_ADJUSTMENT,APPROVED,551.3,39.38,511.92,0.831,32.73,518.57,83.12,SUCCESS,False
2017-12-01 12:00:00,ELEVATED,HVAC_SETPOINT_ADJUSTMENT,APPROVED,575.94,37.2,538.75,0.882,32.8,543.14,88.17,SUCCESS,False
2017-12-01 13:00:00,HIGH,HVAC_SETPOINT_ADJUSTMENT,APPROVED,611.24,30.26,580.97,0.774,23.41,587.83,77.35,UNDERPERFORMED,True
2017-12-01 14:00:00,HIGH,COMBINED_ACTION,APPROVED,585.65,73.47,512.19,0.758,55.66,529.99,75.76,UNDERPERFORMED,True
2017-12-01 15:00:00,CRITICAL,HVAC_SETPOINT_ADJUSTMENT,APPROVED,612.73,36.28,576.45,1.039,37.69,575.04,103.88,SUCCESS,False
2017-12-01 16:00:00,CRITICAL,COMBINED_ACTION,APPROVED,622.87,76.89,545.98,1.001,76.95,545.92,100.08,SUCCESS,False
2017-12-01 17:00:00,ELEVATED,HVAC_SETPOINT_ADJUSTMENT,APPROVED,581.31,34.83,546.49,0.959,33.39,547.92,95.88,SUCCESS,False
2017-12-04 11:00:00,ELEVATED,BATTERY_DISCHARGE,APPROVED,551.15,25.0,526.15,0.873,21.82,529.33,87.27,SUCCESS,False
2017-12-04 12:00:00,HIGH,HVAC_SETPOINT_ADJUSTMENT,APPROVED,589.98,32.17,557.81,0.802,25.8,564.18,80.2,SUCCESS,False
2017-12-04 13:00:00,HIGH,COMBINED_ACTION,APPROVED,606.33,91.9,514.43,0.797,73.24,533.09,79.69,UNDERPERFORMED,True
2017-12-04 14:00:00,HIGH,HVAC_SETPOINT_ADJUSTMENT,APPROVED,609.36,29.78,579.57,0.825,24.57,584.79,82.51,SUCCESS,False
2017-12-04 15:00:00,HIGH,HVAC_SETPOINT_ADJUSTMENT,APPROVED,595.52,30.22,565.29,0.915,27.64,567.88,91.48,SUCCESS,False
2017-12-04 16:00:00,HIGH,BATTERY_DISCHARGE,APPROVED,584.92,25.0,559.92,0.964,24.11,560.81,96.44,SUCCESS,False
2017-12-04 17:00:00,HIGH,COMBINED_ACTION,APPROVED,596.74,91.98,504.76,0.948,87.2,509.54,94.81,SUCCESS,False
2017-12-05 11:00:00,ELEVATED,HVAC_SETPOINT_ADJUSTMENT,APPROVED,573.65,35.53,538.11,0.834,29.63,544.02,83.4,SUCCESS,False
2017-12-05 12:00:00,HIGH,HVAC_SETPOINT_ADJUSTMENT,APPROVED,589.26,35.12,554.14,1.036,36.4,552.86,103.65,SUCCESS,False
2017-12-05 13:00:00,CRITICAL,HVAC_SETPOINT_ADJUSTMENT,APPROVED,619.09,34.1,584.99,0.971,33.12,585.97,97.14,SUCCESS,False
2017-12-05 14:00:00,HIGH,COMBINED_ACTION,APPROVED,594.17,71.31,522.86,0.916,65.34,528.83,91.63,SUCCESS,False
2017-12-05 15:00:00,HIGH,COMBINED_ACTION,APPROVED,605.63,86.42,519.21,0.934,80.67,524.96,93.35,SUCCESS,False
2017-12-05 16:00:00,CRITICAL,COMBINED_ACTION,APPROVED,615.54,95.93,519.61,0.876,84.02,531.52,87.59,SUCCESS,False
2017-12-05 17:00:00,HIGH,BATTERY_DISCHARGE,APPROVED,590.97,25.0,565.97,0.824,20.61,570.36,82.43,SUCCESS,False
2017-12-07 12:00:00,ELEVATED,COMBINED_ACTION,APPROVED,565.1,70.1,495.0,0.857,60.06,505.04,85.68,SUCCESS,False
2017-12-07 13:00:00,ELEVATED,BATTERY_DISCHARGE,APPROVED,562.17,25.0,537.17,0.977,24.43,537.74,97.74,SUCCESS,False
2017-12-07 14:00:00,ELEVATED,BATTERY_DISCHARGE,APPROVED,557.48,25.0,532.48,0.754,18.86,538.62,75.43,UNDERPERFORMED,True
2017-12-07 15:00:00,ELEVATED,BATTERY_DISCHARGE,APPROVED,570.57,25.0,545.57,0.785,19.62,550.95,78.48,UNDERPERFORMED,True
2017-12-07 16:00:00,ELEVATED,BATTERY_DISCHARGE,APPROVED,571.51,25.0,546.51,0.764,19.1,552.41,76.38,UNDERPERFORMED,True
2017-12-07 17:00:00,ELEVATED,BATTERY_DISCHARGE,APPROVED,550.82,25.0,525.82,0.762,19.06,531.76,76.22,UNDERPERFORMED,True
2017-12-08 12:00:00,ELEVATED,HVAC_SETPOINT_ADJUSTMENT,APPROVED,569.39,39.6,529.79,1.007,39.86,529.53,100.66,SUCCESS,False
2017-12-08 13:00:00,HIGH,COMBINED_ACTION,APPROVED,596.97,74.35,522.62,0.961,71.46,525.51,96.11,SUCCESS,False
2017-12-08 14:00:00,HIGH,HVAC_SETPOINT_ADJUSTMENT,APPROVED,605.1,35.17,569.93,0.892,31.38,573.72,89.23,SUCCESS,False
2017-12-08 15:00:00,HIGH,COMBINED_ACTION,APPROVED,598.7,78.07,520.63,0.779,60.84,537.86,77.94,UNDERPERFORMED,True
2017-12-08 16:00:00,HIGH,HVAC_SETPOINT_ADJUSTMENT,APPROVED,596.04,36.25,559.79,0.897,32.53,563.51,89.75,SUCCESS,False
2017-12-08 17:00:00,ELEVATED,COMBINED_ACTION,APPROVED,575.01,86.89,488.12,0.892,77.51,497.5,89.2,SUCCESS,False
2017-12-11 12:00:00,ELEVATED,HVAC_SETPOINT_ADJUSTMENT,APPROVED,565.97,40.52,525.45,0.802,32.5,533.47,80.2,SUCCESS,False
2017-12-11 13:00:00,HIGH,HVAC_SETPOINT_ADJUSTMENT,APPROVED,603.83,35.18,568.64,0.88,30.96,572.87,88.02,SUCCESS,False
2017-12-11 14:00:00,CRITICAL,HVAC_SETPOINT_ADJUSTMENT,APPROVED,615.66,39.44,576.22,0.87,34.3,581.36,86.96,SUCCESS,False
2017-12-11 15:00:00,CRITICAL,COMBINED_ACTION,APPROVED,614.66,90.49,524.17,0.935,84.59,530.07,93.48,SUCCESS,False
2017-12-11 16:00:00,CRITICAL,COMBINED_ACTION,APPROVED,612.52,70.28,542.24,0.941,66.1,546.42,94.05,SUCCESS,False
2017-12-11 17:00:00,HIGH,HVAC_SETPOINT_ADJUSTMENT,APPROVED,607.76,34.47,573.29,0.764,26.32,581.44,76.36,UNDERPERFORMED,True
